asset_id,department,asset_type,corridor_id,route_section,km_location,asset_criticality,asset_condition,failure_risk,last_maintenance_date,next_due_date,overdue_days,age_years
AST-000001,TD,Sectioning Post,COR-01,SEC-01,241.916,High,Poor,0.753,2026-01-12,2026-05-12,139,16
AST-000002,Engineering,Track,COR-02,SEC-03,296.031,High,Poor,0.414,2026-08-09,2026-09-08,20,17
AST-000003,TD,OHE,COR-01,SEC-02,185.105,Medium,Fair,0.155,2026-01-26,2026-05-26,125,23
AST-000004,Engineering,Point Machine,COR-01,SEC-01,217.338,Critical,Good,0.553,2026-07-16,2027-01-12,0,12
AST-000005,TD,OHE Mast,COR-01,SEC-01,217.564,High,Good,0.114,2026-07-28,2027-01-24,0,19
AST-000006,S&T,Interlocking Equipment,COR-02,SEC-04,284.989,Medium,Poor,0.391,2026-01-18,2026-07-17,73,6
AST-000007,S&T,Telecom,COR-01,SEC-01,180.589,Medium,Fair,0.098,2026-09-10,2026-10-10,0,8
AST-000008,S&T,Relay Room,COR-03,SEC-05,166.788,Medium,Fair,0.174,2026-08-14,2026-12-12,0,10
AST-000009,S&T,Telecom,COR-01,SEC-01,182.465,High,Good,0.353,2025-11-24,2026-01-23,248,28
AST-000010,Engineering,Track Machine,COR-03,SEC-06,166.334,Medium,Poor,0.493,2026-06-11,2026-08-10,49,1
AST-000011,S&T,Interlocking Equipment,COR-01,SEC-02,187.204,Medium,Fair,0.164,2026-04-01,2026-06-30,90,5
AST-000012,Engineering,Track Machine,COR-04,SEC-07,361.106,Medium,Fair,0.127,2026-05-11,2026-08-09,50,21
AST-000013,S&T,Signal,COR-03,SEC-05,138.611,Low,Poor,0.579,2026-04-18,2026-10-15,0,4
AST-000014,Engineering,Track,COR-02,SEC-04,276.189,High,Fair,0.173,2026-04-15,2026-08-13,46,13
AST-000015,Engineering,Bridge,COR-01,SEC-02,230.185,Medium,Fair,0.114,2026-07-19,2026-09-17,11,20
AST-000016,S&T,Axle Counter,COR-03,SEC-05,127.238,Medium,Good,0.244,2026-08-03,2026-10-02,0,1
AST-000017,S&T,Signal,COR-02,SEC-04,336.685,Medium,Poor,0.694,2025-12-11,2026-02-09,231,29
AST-000018,TD,Traction Substation,COR-02,SEC-03,301.654,High,Excellent,0.444,2026-05-29,2026-07-28,62,4
AST-000019,S&T,Interlocking Equipment,COR-04,SEC-08,387.057,High,Fair,0.419,2025-10-12,2025-12-11,291,8
AST-000020,Engineering,Point Machine,COR-03,SEC-05,158.84,High,Poor,0.481,2026-09-10,2027-01-08,0,16
AST-000021,Engineering,Bridge,COR-03,SEC-06,137.918,Low,Good,0.322,2026-08-22,2026-12-20,0,26
AST-000022,Engineering,Point Machine,COR-02,SEC-04,331.476,Medium,Good,0.208,2025-11-11,2026-03-11,201,23
AST-000023,TD,Switching Station,COR-04,SEC-08,358.372,Low,Good,0.53,2026-05-16,2026-08-14,45,22
AST-000024,Engineering,Point Machine,COR-03,SEC-05,133.75,High,Poor,0.398,2025-11-17,2025-12-17,285,7
AST-000025,TD,OHE Mast,COR-03,SEC-06,129.228,Medium,Good,0.391,2025-11-21,2026-05-20,131,1
AST-000026,S&T,Relay Room,COR-03,SEC-05,171.729,High,Good,0.373,2026-01-13,2026-04-13,168,20
AST-000027,TD,OHE,COR-04,SEC-07,406.894,High,Poor,0.396,2026-01-10,2026-02-09,231,23
AST-000028,Engineering,Level Crossing,COR-02,SEC-03,337.299,Medium,Poor,0.454,2026-04-28,2026-08-26,33,4
AST-000029,TD,Switching Station,COR-01,SEC-02,246.354,Medium,Good,0.289,2025-10-30,2026-01-28,243,4
AST-000030,TD,OHE Mast,COR-04,SEC-08,400.724,Medium,Good,0.048,2026-02-04,2026-08-03,56,2
AST-000031,Engineering,Bridge,COR-01,SEC-02,227.555,High,Poor,0.275,2026-07-30,2026-09-28,0,18
AST-000032,Engineering,Point Machine,COR-03,SEC-06,128.084,Critical,Excellent,0.436,2026-07-31,2027-01-27,0,12
AST-000033,S&T,Interlocking Equipment,COR-01,SEC-02,205.439,Medium,Poor,0.348,2026-02-07,2026-05-08,143,29
AST-000034,Engineering,Track Machine,COR-01,SEC-02,183.94,High,Fair,0.103,2026-04-29,2026-08-27,32,3
AST-000035,TD,Sectioning Post,COR-02,SEC-03,327.486,Low,Critical,0.371,2026-01-04,2026-02-03,237,25
AST-000036,Engineering,Level Crossing,COR-01,SEC-02,221.138,Medium,Fair,0.205,2026-03-17,2026-06-15,105,15
AST-000037,Engineering,Bridge,COR-01,SEC-02,213.351,High,Fair,0.402,2026-07-02,2026-08-31,28,24
AST-000038,Engineering,Track Machine,COR-01,SEC-01,253.308,Medium,Good,0.288,2025-10-22,2026-01-20,251,16
AST-000039,Engineering,Track,COR-01,SEC-02,230.633,High,Poor,0.296,2026-02-10,2026-03-12,200,19
AST-000040,TD,Switching Station,COR-02,SEC-03,266.759,Low,Good,0.061,2026-01-09,2026-07-08,82,24
AST-000041,TD,OHE Mast,COR-02,SEC-04,335.682,High,Fair,0.217,2026-09-21,2026-12-20,0,15
AST-000042,TD,OHE Mast,COR-04,SEC-07,376.584,Medium,Poor,0.755,2026-04-11,2026-08-09,50,4
AST-000043,TD,Switching Station,COR-02,SEC-04,267.017,Medium,Fair,0.123,2025-12-07,2026-04-06,175,20
AST-000044,TD,OHE Mast,COR-03,SEC-06,145.493,High,Good,0.447,2026-06-19,2026-07-19,71,22
AST-000045,S&T,Relay Room,COR-01,SEC-01,224.239,Low,Poor,0.449,2025-11-27,2026-05-26,125,13
AST-000046,Engineering,Track Machine,COR-03,SEC-05,179.537,Medium,Good,0.49,2026-08-12,2026-12-10,0,25
AST-000047,TD,OHE,COR-02,SEC-03,283.629,Medium,Fair,0.303,2026-05-08,2026-11-04,0,2
AST-000048,Engineering,Track,COR-01,SEC-01,202.713,Medium,Good,0.263,2025-11-15,2026-01-14,257,8
AST-000049,Engineering,Track Machine,COR-03,SEC-05,130.012,Medium,Good,0.227,2026-07-30,2026-08-29,30,25
AST-000050,Engineering,Point Machine,COR-03,SEC-06,176.104,High,Poor,0.367,2026-02-20,2026-08-19,40,21
AST-000051,TD,Traction Substation,COR-02,SEC-04,327.038,Critical,Good,0.751,2025-12-09,2026-04-08,173,2
AST-000052,S&T,Signal,COR-04,SEC-07,358.953,Medium,Critical,0.318,2026-07-17,2026-09-15,13,27
AST-000053,Engineering,Level Crossing,COR-04,SEC-08,389.67,High,Good,0.24,2026-06-25,2026-10-23,0,27
AST-000054,S&T,Signal,COR-04,SEC-07,350.159,Low,Good,0.09,2026-03-04,2026-04-03,178,5
AST-000055,Engineering,Track,COR-04,SEC-08,375.585,High,Fair,0.546,2026-02-17,2026-05-18,133,24
AST-000056,Engineering,Track Machine,COR-02,SEC-03,310.77,High,Fair,0.114,2026-02-19,2026-04-20,161,13
AST-000057,S&T,Relay Room,COR-02,SEC-04,297.931,High,Fair,0.346,2026-02-17,2026-04-18,163,8
AST-000058,S&T,Signal,COR-04,SEC-07,378.44,High,Fair,0.478,2025-12-18,2026-01-17,254,28
AST-000059,S&T,Interlocking Equipment,COR-01,SEC-01,220.291,Medium,Poor,0.448,2025-12-06,2026-01-05,266,3
AST-000060,Engineering,Point Machine,COR-01,SEC-01,206.73,High,Good,0.136,2026-06-16,2026-09-14,14,12
AST-000061,S&T,Relay Room,COR-04,SEC-08,350.753,Medium,Good,0.668,2026-08-03,2026-12-01,0,23
AST-000062,S&T,Telecom,COR-01,SEC-01,231.271,Critical,Good,0.572,2026-05-09,2026-11-05,0,30
AST-000063,Engineering,Level Crossing,COR-04,SEC-08,378.918,Medium,Critical,0.455,2025-12-01,2026-03-31,181,2
AST-000064,S&T,Relay Room,COR-04,SEC-08,372.853,High,Good,0.361,2026-04-23,2026-05-23,128,15
AST-000065,Engineering,Track,COR-03,SEC-05,161.051,Medium,Good,0.054,2026-05-02,2026-08-30,29,24
AST-000066,TD,OHE,COR-01,SEC-02,184.649,High,Fair,0.309,2025-12-27,2026-04-26,155,26
AST-000067,Engineering,Track,COR-04,SEC-07,375.335,Low,Fair,0.18,2025-10-04,2026-04-02,179,19
AST-000068,TD,OHE,COR-01,SEC-01,194.201,High,Good,0.198,2026-02-12,2026-03-14,198,18
AST-000069,TD,Switching Station,COR-01,SEC-01,180.585,High,Fair,0.19,2025-10-09,2026-02-06,234,20
AST-000070,Engineering,Track Machine,COR-02,SEC-03,317.656,Low,Poor,0.237,2025-11-07,2026-03-07,205,17
AST-000071,Engineering,Bridge,COR-04,SEC-08,385.787,Low,Critical,0.69,2026-03-27,2026-07-25,65,29
AST-000072,Engineering,Bridge,COR-03,SEC-05,188.988,Medium,Critical,0.413,2026-04-03,2026-07-02,88,25
AST-000073,S&T,Telecom,COR-02,SEC-04,333.976,Medium,Excellent,0.098,2025-12-27,2026-04-26,155,20
AST-000074,S&T,Telecom,COR-01,SEC-01,249.237,Medium,Poor,0.369,2025-12-23,2026-03-23,189,1
AST-000075,TD,OHE Mast,COR-01,SEC-01,221.17,Medium,Excellent,0.114,2026-04-29,2026-10-26,0,16
AST-000076,Engineering,Bridge,COR-03,SEC-05,179.734,High,Fair,0.233,2026-05-23,2026-09-20,8,3
AST-000077,Engineering,Bridge,COR-02,SEC-04,287.354,Medium,Poor,0.78,2026-08-12,2026-11-10,0,6
AST-000078,Engineering,Track Machine,COR-04,SEC-08,389.062,Medium,Fair,0.22,2025-10-04,2025-11-03,329,3
AST-000079,TD,OHE,COR-01,SEC-02,196.158,Critical,Fair,0.503,2025-10-17,2026-02-14,226,16
AST-000080,Engineering,Track,COR-03,SEC-05,139.918,Low,Good,0.083,2026-03-15,2026-05-14,137,18
AST-000081,TD,Sectioning Post,COR-02,SEC-04,312.275,High,Good,0.201,2026-06-27,2026-10-25,0,18
AST-000082,TD,Traction Substation,COR-02,SEC-04,295.071,Medium,Critical,0.408,2025-12-19,2026-03-19,193,6
AST-000083,TD,Sectioning Post,COR-03,SEC-06,159.352,Critical,Fair,0.401,2025-10-26,2026-04-24,157,23
AST-000084,Engineering,Bridge,COR-01,SEC-02,183.286,High,Excellent,0.09,2026-08-18,2027-02-14,0,4
AST-000085,Engineering,Point Machine,COR-01,SEC-02,210.76,Critical,Fair,0.331,2026-08-01,2026-08-31,28,9
AST-000086,TD,Switching Station,COR-03,SEC-05,180.394,Critical,Fair,0.259,2026-08-15,2026-11-13,0,26
AST-000087,TD,OHE,COR-04,SEC-07,358.224,High,Good,0.043,2026-06-28,2026-12-25,0,15
AST-000088,Engineering,Bridge,COR-02,SEC-03,296.862,Medium,Good,0.319,2026-09-06,2027-03-05,0,6
AST-000089,TD,Traction Substation,COR-02,SEC-04,262.503,Critical,Fair,0.724,2026-04-01,2026-05-01,150,9
AST-000090,Engineering,Track,COR-03,SEC-06,163.338,High,Poor,0.338,2025-11-25,2026-05-24,127,19
AST-000091,S&T,Signal,COR-02,SEC-03,338.772,High,Poor,0.528,2026-03-25,2026-06-23,97,20
AST-000092,S&T,Relay Room,COR-04,SEC-07,345.468,Critical,Fair,0.604,2026-06-03,2026-08-02,57,23
AST-000093,Engineering,Track,COR-02,SEC-04,285.372,Low,Fair,0.386,2025-12-16,2026-03-16,196,4
AST-000094,Engineering,Point Machine,COR-03,SEC-06,120.281,Critical,Critical,0.733,2025-10-06,2026-01-04,267,17
AST-000095,S&T,Telecom,COR-02,SEC-03,309.743,High,Excellent,0.085,2026-07-18,2026-08-17,42,2
AST-000096,Engineering,Point Machine,COR-04,SEC-07,356.19,Medium,Good,0.127,2026-02-24,2026-05-25,126,22
AST-000097,S&T,Relay Room,COR-03,SEC-06,159.686,Medium,Critical,0.413,2026-05-19,2026-08-17,42,13
AST-000098,Engineering,Level Crossing,COR-01,SEC-01,187.526,Low,Fair,0.434,2026-05-02,2026-08-30,29,6
AST-000099,S&T,Axle Counter,COR-03,SEC-05,180.129,Low,Good,0.032,2026-04-30,2026-07-29,61,3
AST-000100,S&T,Signal,COR-04,SEC-08,391.18,Medium,Fair,0.156,2026-01-03,2026-04-03,178,3
AST-000101,Engineering,Track Machine,COR-03,SEC-05,134.308,Medium,Excellent,0.366,2026-02-12,2026-04-13,168,19
AST-000102,S&T,Interlocking Equipment,COR-01,SEC-01,228.699,Medium,Fair,0.469,2026-06-02,2026-08-01,58,12
AST-000103,S&T,Telecom,COR-03,SEC-06,147.587,High,Good,0.267,2026-07-15,2026-08-14,45,15
AST-000104,TD,OHE Mast,COR-01,SEC-02,250.483,High,Good,0.117,2025-12-30,2026-01-29,242,2
AST-000105,Engineering,Level Crossing,COR-03,SEC-05,153.704,Low,Fair,0.046,2026-06-04,2026-10-02,0,10
AST-000106,Engineering,Level Crossing,COR-02,SEC-04,332.131,Low,Critical,0.276,2025-11-16,2026-01-15,256,17
AST-000107,Engineering,Track,COR-03,SEC-06,126.788,Medium,Fair,0.18,2026-08-17,2027-02-13,0,12
AST-000108,TD,Switching Station,COR-03,SEC-06,171.459,High,Fair,0.338,2026-02-28,2026-06-28,92,29
AST-000109,S&T,Interlocking Equipment,COR-04,SEC-08,348.446,Low,Good,0.353,2026-09-02,2026-12-01,0,6
AST-000110,Engineering,Level Crossing,COR-02,SEC-04,316.82,Medium,Poor,0.259,2026-06-28,2026-08-27,32,5
AST-000111,TD,Switching Station,COR-02,SEC-04,335.202,Low,Poor,0.433,2025-12-04,2026-03-04,208,11
AST-000112,TD,Sectioning Post,COR-01,SEC-02,190.053,Low,Fair,0.443,2026-08-08,2026-09-07,21,8
AST-000113,Engineering,Level Crossing,COR-04,SEC-08,342.104,Critical,Poor,0.645,2026-03-20,2026-06-18,102,20
AST-000114,S&T,Interlocking Equipment,COR-04,SEC-07,409.202,Medium,Poor,0.227,2026-07-19,2026-10-17,0,2
AST-000115,S&T,Axle Counter,COR-02,SEC-03,287.392,Medium,Fair,0.155,2026-03-19,2026-06-17,103,9
AST-000116,TD,Traction Substation,COR-03,SEC-05,120.162,Low,Good,0.157,2026-02-09,2026-06-09,111,19
AST-000117,TD,Traction Substation,COR-03,SEC-05,147.505,Low,Good,0.145,2026-08-29,2026-11-27,0,19
AST-000118,Engineering,Point Machine,COR-01,SEC-01,207.417,High,Fair,0.495,2025-10-21,2026-02-18,222,23
AST-000119,S&T,Telecom,COR-01,SEC-02,259.345,Medium,Fair,0.24,2026-05-07,2026-08-05,54,27
AST-000120,TD,Switching Station,COR-02,SEC-04,317.583,Medium,Poor,0.657,2026-03-08,2026-06-06,114,14
AST-000121,S&T,Signal,COR-02,SEC-03,270.065,Critical,Fair,0.362,2025-12-12,2026-01-11,260,5
AST-000122,Engineering,Point Machine,COR-04,SEC-07,400.244,High,Fair,0.304,2025-12-21,2026-02-19,221,21
AST-000123,TD,OHE Mast,COR-04,SEC-07,403.723,High,Fair,0.029,2026-01-12,2026-07-11,79,16
AST-000124,Engineering,Point Machine,COR-01,SEC-02,234.834,Critical,Fair,0.498,2026-05-05,2026-11-01,0,26
AST-000125,S&T,Interlocking Equipment,COR-03,SEC-06,142.555,Medium,Fair,0.372,2025-10-20,2026-04-18,163,10
AST-000126,TD,Traction Substation,COR-04,SEC-08,408.474,Medium,Poor,0.623,2025-11-28,2026-03-28,184,20
AST-000127,TD,Sectioning Post,COR-04,SEC-08,360.252,High,Fair,0.283,2026-03-05,2026-04-04,177,11
AST-000128,Engineering,Point Machine,COR-03,SEC-06,143.529,Medium,Poor,0.552,2026-09-21,2026-12-20,0,30
AST-000129,S&T,Axle Counter,COR-04,SEC-07,353.481,High,Fair,0.497,2026-06-27,2026-08-26,33,15
AST-000130,Engineering,Bridge,COR-03,SEC-06,166.442,Critical,Poor,0.792,2025-11-13,2026-01-12,259,21
AST-000131,TD,Traction Substation,COR-01,SEC-01,232.215,Low,Critical,0.394,2026-06-02,2026-08-01,58,9
AST-000132,Engineering,Point Machine,COR-04,SEC-07,369.734,Critical,Fair,0.39,2026-04-13,2026-10-10,0,13
AST-000133,Engineering,Bridge,COR-04,SEC-08,362.508,Medium,Poor,0.286,2025-11-02,2025-12-02,300,10
AST-000134,TD,OHE,COR-04,SEC-08,377.369,Critical,Excellent,0.466,2026-07-31,2026-09-29,0,20
AST-000135,Engineering,Track Machine,COR-04,SEC-08,397.619,High,Good,0.038,2026-09-08,2026-10-08,0,13
AST-000136,TD,Switching Station,COR-01,SEC-02,239.024,High,Poor,0.321,2026-05-06,2026-08-04,55,7
AST-000137,Engineering,Level Crossing,COR-03,SEC-06,134.587,Medium,Good,0.246,2026-09-02,2026-11-01,0,21
AST-000138,S&T,Relay Room,COR-02,SEC-04,270.977,Medium,Fair,0.174,2025-10-07,2026-01-05,266,6
AST-000139,S&T,Signal,COR-04,SEC-08,355.456,Medium,Good,0.111,2026-05-15,2026-09-12,16,14
AST-000140,S&T,Relay Room,COR-03,SEC-06,123.462,Medium,Fair,0.253,2026-09-14,2026-11-13,0,17
AST-000141,S&T,Telecom,COR-02,SEC-03,290.83,High,Fair,0.132,2026-05-18,2026-06-17,103,1
AST-000142,TD,Switching Station,COR-01,SEC-01,251.561,Medium,Good,0.172,2026-07-10,2026-10-08,0,2
AST-000143,Engineering,Track,COR-04,SEC-07,355.062,Medium,Good,0.212,2026-08-17,2026-11-15,0,16
AST-000144,S&T,Relay Room,COR-04,SEC-08,349.428,Medium,Good,0.073,2026-07-23,2027-01-19,0,19
AST-000145,S&T,Telecom,COR-03,SEC-06,134.377,Low,Poor,0.209,2026-05-02,2026-06-01,119,6
AST-000146,S&T,Signal,COR-04,SEC-08,392.799,Medium,Fair,0.329,2025-11-25,2026-02-23,217,29
AST-000147,S&T,Axle Counter,COR-01,SEC-01,226.149,Medium,Good,0.109,2025-12-15,2026-03-15,197,15
AST-000148,Engineering,Track,COR-01,SEC-01,205.687,High,Good,0.296,2026-08-09,2026-11-07,0,13
AST-000149,Engineering,Track Machine,COR-02,SEC-03,310.652,Low,Poor,0.35,2026-05-10,2026-08-08,51,9
AST-000150,Engineering,Level Crossing,COR-02,SEC-03,304.352,High,Fair,0.304,2026-02-02,2026-08-01,58,12
AST-000151,TD,Switching Station,COR-01,SEC-01,197.163,Medium,Poor,0.376,2026-08-17,2026-12-15,0,30
AST-000152,TD,Traction Substation,COR-03,SEC-06,186.186,High,Poor,0.4,2026-09-05,2027-03-04,0,17
AST-000153,TD,Sectioning Post,COR-01,SEC-01,182.123,Medium,Poor,0.217,2025-10-26,2025-12-25,277,27
AST-000154,Engineering,Track Machine,COR-01,SEC-02,209.845,Medium,Good,0.451,2025-11-16,2026-01-15,256,29
AST-000155,TD,Traction Substation,COR-04,SEC-08,407.451,Medium,Good,0.326,2026-03-28,2026-06-26,94,8
AST-000156,Engineering,Bridge,COR-02,SEC-03,338.572,Medium,Fair,0.015,2026-03-07,2026-05-06,145,26
AST-000157,TD,Sectioning Post,COR-01,SEC-01,202.752,High,Poor,0.579,2026-03-02,2026-04-01,180,19
AST-000158,TD,OHE,COR-04,SEC-08,366.371,Medium,Excellent,0.618,2026-01-29,2026-04-29,152,6
AST-000159,TD,Switching Station,COR-03,SEC-05,144.09,Critical,Critical,0.53,2026-03-01,2026-06-29,91,30
AST-000160,S&T,Axle Counter,COR-01,SEC-02,230.739,High,Fair,0.453,2025-11-18,2026-03-18,194,2
AST-000161,TD,Switching Station,COR-04,SEC-07,389.406,High,Poor,0.542,2026-06-15,2026-07-15,75,1
AST-000162,Engineering,Level Crossing,COR-03,SEC-06,130.903,Medium,Poor,0.414,2025-12-01,2025-12-31,271,30
AST-000163,S&T,Relay Room,COR-03,SEC-06,141.746,High,Good,0.07,2026-03-16,2026-09-12,16,4
AST-000164,Engineering,Point Machine,COR-03,SEC-06,178.951,Low,Good,0.301,2025-10-12,2025-12-11,291,30
AST-000165,S&T,Signal,COR-04,SEC-08,389.339,Medium,Fair,0.231,2026-01-10,2026-02-09,231,18
AST-000166,S&T,Telecom,COR-03,SEC-05,151.225,Low,Fair,0.148,2025-12-21,2026-04-20,161,29
AST-000167,Engineering,Bridge,COR-03,SEC-06,188.403,High,Excellent,0.287,2026-05-17,2026-11-13,0,8
AST-000168,S&T,Interlocking Equipment,COR-03,SEC-05,163.819,High,Poor,0.63,2026-03-17,2026-04-16,165,3
AST-000169,Engineering,Level Crossing,COR-01,SEC-01,198.074,High,Critical,0.467,2026-02-17,2026-04-18,163,6
AST-000170,S&T,Telecom,COR-02,SEC-04,313.828,High,Good,0.393,2026-02-04,2026-08-03,56,4
AST-000171,S&T,Axle Counter,COR-01,SEC-01,219.812,Medium,Fair,0.321,2025-10-31,2026-01-29,242,30
AST-000172,Engineering,Bridge,COR-04,SEC-07,381.507,High,Fair,0.191,2026-08-31,2026-10-30,0,15
AST-000173,TD,OHE Mast,COR-03,SEC-06,124.223,Medium,Fair,0.214,2025-12-24,2026-04-23,158,10
AST-000174,TD,OHE Mast,COR-03,SEC-06,166.377,Medium,Critical,0.28,2026-05-23,2026-06-22,98,23
AST-000175,S&T,Axle Counter,COR-03,SEC-06,152.18,High,Poor,0.461,2026-07-06,2027-01-02,0,22
AST-000176,S&T,Signal,COR-03,SEC-05,127.751,Low,Good,0.454,2026-06-19,2026-10-17,0,23
AST-000177,TD,OHE,COR-02,SEC-04,316.653,High,Fair,0.081,2026-05-11,2026-06-10,110,22
AST-000178,TD,Traction Substation,COR-02,SEC-03,316.402,Critical,Fair,0.429,2026-03-12,2026-06-10,110,25
AST-000179,TD,OHE Mast,COR-04,SEC-08,356.853,High,Good,0.495,2026-07-23,2026-09-21,7,6
AST-000180,TD,Traction Substation,COR-03,SEC-05,129.162,High,Good,0.036,2026-06-19,2026-08-18,41,15
AST-000181,S&T,Relay Room,COR-02,SEC-04,311.44,Medium,Critical,0.342,2026-01-14,2026-02-13,227,18
AST-000182,S&T,Axle Counter,COR-01,SEC-01,219.545,High,Fair,0.238,2026-04-07,2026-05-07,144,24
AST-000183,Engineering,Point Machine,COR-01,SEC-02,247.827,Low,Poor,0.386,2025-12-06,2026-04-05,176,19
AST-000184,TD,OHE,COR-04,SEC-07,364.125,Medium,Good,0.406,2025-10-25,2026-02-22,218,13
AST-000185,TD,Switching Station,COR-03,SEC-06,178.388,Medium,Good,0.397,2025-12-24,2026-01-23,248,9
AST-000186,S&T,Signal,COR-03,SEC-05,177.013,High,Good,0.082,2026-01-26,2026-05-26,125,8
AST-000187,S&T,Signal,COR-04,SEC-07,394.305,Medium,Fair,0.079,2026-05-17,2026-11-13,0,27
AST-000188,S&T,Interlocking Equipment,COR-04,SEC-07,354.56,Medium,Poor,0.497,2026-09-10,2026-11-09,0,6
AST-000189,TD,Traction Substation,COR-01,SEC-01,195.64,High,Fair,0.116,2026-07-27,2026-10-25,0,20
AST-000190,TD,Traction Substation,COR-03,SEC-05,184.634,High,Fair,0.167,2026-05-03,2026-06-02,118,6
AST-000191,Engineering,Track Machine,COR-04,SEC-07,372.468,High,Poor,0.389,2026-08-12,2026-10-11,0,9
AST-000192,S&T,Axle Counter,COR-04,SEC-08,406.066,High,Good,0.076,2026-08-07,2026-12-05,0,20
AST-000193,TD,OHE Mast,COR-04,SEC-08,394.803,High,Poor,0.465,2025-11-23,2026-05-22,129,17
AST-000194,TD,Traction Substation,COR-01,SEC-01,229.513,Medium,Good,0.534,2026-06-07,2026-07-07,83,27
AST-000195,TD,OHE,COR-02,SEC-04,302.197,Medium,Poor,0.22,2026-01-28,2026-04-28,153,16
AST-000196,Engineering,Track Machine,COR-02,SEC-03,291.608,Medium,Poor,0.682,2026-03-01,2026-06-29,91,6
AST-000197,Engineering,Level Crossing,COR-02,SEC-03,323.619,Low,Fair,0.408,2026-02-01,2026-05-02,149,3
AST-000198,S&T,Signal,COR-04,SEC-08,346.567,High,Poor,0.495,2025-10-08,2026-01-06,265,27
AST-000199,Engineering,Level Crossing,COR-03,SEC-06,141.092,Medium,Fair,0.502,2026-04-15,2026-06-14,106,28
AST-000200,Engineering,Track Machine,COR-02,SEC-04,305.082,Medium,Excellent,0.336,2026-01-14,2026-04-14,167,29
AST-000201,TD,OHE,COR-02,SEC-04,264.07,Medium,Good,0.081,2026-03-13,2026-06-11,109,13
AST-000202,TD,Sectioning Post,COR-02,SEC-03,279.656,High,Excellent,0.106,2025-12-21,2026-06-19,101,16
AST-000203,Engineering,Point Machine,COR-01,SEC-01,218.091,High,Fair,0.489,2025-10-14,2026-01-12,259,4
AST-000204,S&T,Signal,COR-03,SEC-06,188.064,Low,Poor,0.495,2026-08-04,2026-09-03,25,4
AST-000205,S&T,Axle Counter,COR-03,SEC-06,124.991,Low,Excellent,0.332,2026-09-10,2027-01-08,0,13
AST-000206,TD,OHE,COR-04,SEC-08,384.693,Medium,Fair,0.321,2025-11-14,2026-02-12,228,24
AST-000207,TD,Sectioning Post,COR-01,SEC-02,200.856,High,Good,0.278,2025-11-15,2025-12-15,287,27
AST-000208,TD,OHE,COR-03,SEC-05,141.537,High,Fair,0.218,2025-12-26,2026-02-24,216,17
AST-000209,Engineering,Track Machine,COR-01,SEC-02,229.749,Medium,Fair,0.356,2026-02-19,2026-03-21,191,23
AST-000210,Engineering,Track Machine,COR-02,SEC-04,292.723,Critical,Good,0.345,2026-04-18,2026-10-15,0,15
AST-000211,TD,Traction Substation,COR-04,SEC-08,374.944,Medium,Poor,0.329,2026-08-12,2026-09-11,17,13
AST-000212,TD,OHE,COR-04,SEC-08,373.711,Low,Fair,0.653,2026-03-24,2026-06-22,98,7
AST-000213,S&T,Axle Counter,COR-03,SEC-06,126.663,Critical,Fair,0.426,2025-10-12,2025-11-11,321,4
AST-000214,S&T,Axle Counter,COR-01,SEC-01,193.389,Medium,Good,0.211,2025-10-24,2025-12-23,279,28
AST-000215,S&T,Telecom,COR-04,SEC-08,375.015,Medium,Poor,0.217,2026-01-24,2026-03-25,187,20
AST-000216,TD,OHE,COR-01,SEC-02,259.482,Low,Fair,0.171,2026-03-01,2026-04-30,151,16
AST-000217,S&T,Signal,COR-03,SEC-06,178.299,High,Fair,0.225,2026-02-09,2026-05-10,141,3
AST-000218,S&T,Telecom,COR-01,SEC-02,220.44,Medium,Fair,0.556,2026-03-08,2026-06-06,114,6
AST-000219,Engineering,Track Machine,COR-02,SEC-04,328.042,High,Good,0.306,2026-08-15,2026-09-14,14,8
AST-000220,S&T,Relay Room,COR-04,SEC-07,359.252,Critical,Excellent,0.292,2026-02-03,2026-05-04,147,19
AST-000221,S&T,Telecom,COR-02,SEC-04,295.575,High,Excellent,0.402,2026-02-25,2026-08-24,35,11
AST-000222,TD,OHE,COR-04,SEC-07,350.503,High,Fair,0.267,2026-03-12,2026-06-10,110,10
AST-000223,TD,Sectioning Post,COR-02,SEC-03,298.179,High,Good,0.427,2026-05-31,2026-08-29,30,17
AST-000224,TD,OHE,COR-01,SEC-02,228.832,Medium,Poor,0.618,2026-02-07,2026-06-07,113,8
AST-000225,Engineering,Track,COR-01,SEC-02,183.404,High,Fair,0.462,2026-04-22,2026-06-21,99,19
AST-000226,TD,Sectioning Post,COR-02,SEC-04,261.429,Low,Critical,0.495,2025-10-29,2025-12-28,274,30
AST-000227,TD,Switching Station,COR-03,SEC-06,158.523,Critical,Poor,0.878,2026-03-29,2026-04-28,153,20
AST-000228,S&T,Interlocking Equipment,COR-02,SEC-04,266.001,Medium,Poor,0.766,2026-01-04,2026-02-03,237,22
AST-000229,Engineering,Track Machine,COR-04,SEC-07,365.829,High,Good,0.129,2025-10-22,2026-04-20,161,20
AST-000230,TD,Sectioning Post,COR-02,SEC-03,328.138,High,Fair,0.168,2026-05-12,2026-08-10,49,5
AST-000231,S&T,Signal,COR-03,SEC-06,126.188,Medium,Fair,0.139,2026-03-26,2026-05-25,126,1
AST-000232,S&T,Relay Room,COR-03,SEC-06,156.405,Medium,Fair,0.135,2025-11-27,2026-03-27,185,15
AST-000233,S&T,Axle Counter,COR-04,SEC-08,349.915,High,Fair,0.347,2026-01-22,2026-04-22,159,17
AST-000234,TD,Sectioning Post,COR-04,SEC-08,359.575,Critical,Fair,0.4,2026-03-22,2026-06-20,100,8
AST-000235,Engineering,Point Machine,COR-02,SEC-04,296.524,High,Poor,0.53,2026-02-11,2026-05-12,139,23
AST-000236,S&T,Telecom,COR-01,SEC-02,213.702,Critical,Poor,0.619,2026-05-24,2026-11-20,0,9
AST-000237,TD,Traction Substation,COR-04,SEC-08,395.129,Medium,Poor,0.837,2026-03-17,2026-04-16,165,24
AST-000238,S&T,Interlocking Equipment,COR-01,SEC-01,259.012,Critical,Fair,0.785,2026-05-27,2026-07-26,64,15
AST-000239,TD,Switching Station,COR-03,SEC-05,129.164,Critical,Critical,0.717,2026-09-21,2027-03-20,0,22
AST-000240,Engineering,Point Machine,COR-04,SEC-07,407.979,High,Fair,0.073,2026-03-29,2026-09-25,3,12
AST-000241,S&T,Telecom,COR-02,SEC-03,302.458,Low,Good,0.352,2026-01-13,2026-05-13,138,14
AST-000242,S&T,Signal,COR-03,SEC-06,167.237,High,Fair,0.455,2026-07-21,2026-08-20,39,26
AST-000243,S&T,Telecom,COR-04,SEC-08,380.037,High,Poor,0.373,2025-10-20,2025-12-19,283,21
AST-000244,TD,Traction Substation,COR-01,SEC-01,190.46,Medium,Poor,0.266,2026-01-01,2026-04-01,180,11
AST-000245,TD,OHE,COR-03,SEC-05,131.4,Medium,Fair,0.24,2026-02-21,2026-04-22,159,8
AST-000246,S&T,Telecom,COR-01,SEC-01,188.66,High,Good,0.275,2026-09-09,2027-03-08,0,11
AST-000247,Engineering,Track,COR-03,SEC-05,142.955,Critical,Excellent,0.254,2026-09-08,2026-12-07,0,24
AST-000248,S&T,Axle Counter,COR-01,SEC-02,205.167,Medium,Poor,0.462,2026-03-19,2026-07-17,73,25
AST-000249,S&T,Relay Room,COR-04,SEC-07,361.592,Low,Good,0.711,2026-08-07,2026-09-06,22,21
AST-000250,TD,Traction Substation,COR-04,SEC-07,395.946,Medium,Poor,0.31,2025-12-24,2026-04-23,158,14
AST-000251,Engineering,Track Machine,COR-01,SEC-02,201.217,High,Fair,0.254,2025-12-29,2026-02-27,213,23
AST-000252,TD,OHE Mast,COR-02,SEC-04,293.419,High,Fair,0.347,2026-03-29,2026-06-27,93,25
AST-000253,Engineering,Bridge,COR-02,SEC-04,280.538,Low,Poor,0.53,2026-03-09,2026-04-08,173,7
AST-000254,S&T,Telecom,COR-03,SEC-05,160.891,High,Poor,0.893,2025-12-07,2026-02-05,235,18
AST-000255,S&T,Telecom,COR-02,SEC-03,325.272,Critical,Fair,0.521,2026-06-23,2026-12-20,0,8
AST-000256,S&T,Axle Counter,COR-03,SEC-06,142.629,Medium,Fair,0.127,2026-07-19,2026-09-17,11,15
AST-000257,S&T,Telecom,COR-03,SEC-05,184.565,Critical,Good,0.448,2026-06-06,2026-07-06,84,17
AST-000258,S&T,Telecom,COR-01,SEC-01,200.265,Medium,Excellent,0.191,2025-11-09,2026-02-07,233,3
AST-000259,TD,Sectioning Post,COR-03,SEC-06,186.49,Medium,Poor,0.306,2026-04-11,2026-06-10,110,26
AST-000260,Engineering,Track,COR-04,SEC-08,365.821,High,Fair,0.048,2026-09-02,2026-11-01,0,11
AST-000261,TD,Sectioning Post,COR-01,SEC-02,222.712,Medium,Fair,0.388,2025-11-04,2026-03-04,208,11
AST-000262,Engineering,Point Machine,COR-03,SEC-05,150.037,Medium,Critical,0.746,2026-09-03,2027-01-01,0,23
AST-000263,TD,OHE,COR-03,SEC-05,155.537,Medium,Poor,0.449,2026-03-21,2026-09-17,11,2
AST-000264,TD,Switching Station,COR-01,SEC-02,224.495,High,Poor,0.611,2026-09-11,2027-01-09,0,22
AST-000265,Engineering,Track,COR-03,SEC-05,134.305,Critical,Poor,0.638,2026-07-27,2026-11-24,0,18
AST-000266,S&T,Relay Room,COR-03,SEC-06,141.534,High,Excellent,0.07,2026-02-19,2026-08-18,41,29
AST-000267,Engineering,Track Machine,COR-02,SEC-04,320.52,Medium,Fair,0.385,2026-06-12,2026-09-10,18,19
AST-000268,TD,Sectioning Post,COR-03,SEC-05,189.651,Critical,Fair,0.358,2025-11-09,2025-12-09,293,23
AST-000269,S&T,Signal,COR-03,SEC-06,154.74,Low,Excellent,0.082,2026-05-05,2026-11-01,0,10
AST-000270,S&T,Relay Room,COR-01,SEC-01,195.849,Medium,Fair,0.338,2026-07-11,2026-11-08,0,13
AST-000271,TD,OHE,COR-04,SEC-08,388.283,Medium,Fair,0.364,2026-03-24,2026-07-22,68,29
AST-000272,S&T,Interlocking Equipment,COR-01,SEC-02,237.9,Critical,Poor,0.538,2026-06-13,2026-09-11,17,26
AST-000273,Engineering,Bridge,COR-04,SEC-08,356.429,Medium,Fair,0.191,2026-05-04,2026-06-03,117,18
AST-000274,TD,OHE,COR-04,SEC-08,343.622,Medium,Poor,0.55,2025-12-03,2026-01-02,269,11
AST-000275,TD,OHE,COR-02,SEC-04,301.715,Medium,Good,0.754,2025-12-11,2026-06-09,111,7
AST-000276,TD,OHE,COR-03,SEC-05,129.365,Medium,Poor,0.252,2026-02-22,2026-04-23,158,23
AST-000277,TD,Switching Station,COR-04,SEC-08,409.103,Critical,Poor,0.774,2026-03-08,2026-04-07,174,10
AST-000278,Engineering,Track,COR-02,SEC-03,339.3,High,Good,0.417,2026-02-24,2026-06-24,96,23
AST-000279,S&T,Signal,COR-04,SEC-07,402.478,Medium,Good,0.193,2026-03-16,2026-07-14,76,28
AST-000280,Engineering,Level Crossing,COR-02,SEC-04,293.353,Medium,Fair,0.532,2025-10-13,2026-04-11,170,28
AST-000281,S&T,Telecom,COR-04,SEC-07,348.669,High,Poor,0.985,2026-09-04,2027-01-02,0,26
AST-000282,TD,OHE Mast,COR-01,SEC-02,240.588,Medium,Fair,0.055,2026-02-11,2026-03-13,199,18
AST-000283,S&T,Axle Counter,COR-03,SEC-05,166.504,High,Poor,0.275,2026-05-27,2026-08-25,34,26
AST-000284,Engineering,Point Machine,COR-04,SEC-08,343.435,High,Fair,0.264,2026-03-05,2026-05-04,147,24
AST-000285,S&T,Interlocking Equipment,COR-01,SEC-02,229.981,Medium,Fair,0.074,2026-03-11,2026-07-09,81,10
AST-000286,TD,Switching Station,COR-03,SEC-05,161.459,High,Poor,0.703,2026-08-22,2026-12-20,0,14
AST-000287,S&T,Telecom,COR-02,SEC-03,329.129,Medium,Fair,0.483,2026-07-28,2026-09-26,2,28
AST-000288,Engineering,Track,COR-02,SEC-03,300.412,High,Good,0.408,2025-10-23,2026-04-21,160,25
AST-000289,S&T,Interlocking Equipment,COR-02,SEC-03,268.866,Medium,Critical,0.498,2026-02-05,2026-05-06,145,30
AST-000290,Engineering,Track Machine,COR-01,SEC-01,196.939,Medium,Fair,0.158,2026-03-11,2026-07-09,81,9
AST-000291,Engineering,Point Machine,COR-02,SEC-04,264.266,Low,Poor,0.323,2025-11-18,2025-12-18,284,8
AST-000292,TD,Traction Substation,COR-01,SEC-02,198.619,Medium,Good,0.148,2026-08-20,2026-10-19,0,17
AST-000293,Engineering,Track,COR-03,SEC-05,145.767,Medium,Poor,0.342,2026-06-25,2026-10-23,0,17
AST-000294,TD,OHE,COR-01,SEC-01,231.137,Medium,Excellent,0.506,2026-02-15,2026-04-16,165,1
AST-000295,S&T,Signal,COR-02,SEC-04,300.779,Medium,Fair,0.445,2026-09-07,2027-03-06,0,14
AST-000296,Engineering,Point Machine,COR-03,SEC-05,142.377,High,Fair,0.827,2026-07-24,2026-10-22,0,21
AST-000297,TD,OHE,COR-04,SEC-07,341.753,High,Fair,0.255,2026-06-27,2026-09-25,3,21
AST-000298,S&T,Interlocking Equipment,COR-04,SEC-08,367.725,Critical,Good,0.464,2026-02-21,2026-06-21,99,23
AST-000299,TD,OHE Mast,COR-01,SEC-02,246.142,Medium,Fair,0.25,2026-05-20,2026-06-19,101,22
AST-000300,Engineering,Level Crossing,COR-01,SEC-02,180.312,High,Fair,0.151,2026-07-16,2026-11-13,0,27
AST-000301,TD,Switching Station,COR-01,SEC-01,232.205,High,Good,0.113,2026-03-06,2026-09-02,26,14
AST-000302,S&T,Telecom,COR-04,SEC-07,386.718,Medium,Poor,0.276,2026-05-01,2026-08-29,30,20
AST-000303,TD,OHE,COR-04,SEC-07,364.586,Low,Poor,0.22,2026-06-09,2026-07-09,81,12
AST-000304,S&T,Relay Room,COR-02,SEC-03,325.845,Low,Poor,0.528,2025-11-22,2025-12-22,280,13
AST-000305,S&T,Interlocking Equipment,COR-03,SEC-06,159.226,High,Good,0.436,2026-03-15,2026-07-13,77,21
AST-000306,TD,OHE Mast,COR-03,SEC-06,150.002,Medium,Good,0.369,2026-03-23,2026-09-19,9,18
AST-000307,TD,OHE,COR-04,SEC-07,400.405,High,Poor,0.588,2026-08-31,2027-02-27,0,6
AST-000308,TD,Switching Station,COR-02,SEC-04,325.113,Medium,Fair,0.701,2026-04-27,2026-08-25,34,7
AST-000309,Engineering,Level Crossing,COR-04,SEC-08,398.849,High,Fair,0.566,2026-02-20,2026-03-22,190,23
AST-000310,S&T,Axle Counter,COR-04,SEC-07,372.709,Medium,Fair,0.265,2026-03-03,2026-04-02,179,15
AST-000311,S&T,Axle Counter,COR-03,SEC-06,177.248,Medium,Fair,0.153,2026-01-30,2026-03-31,181,24
AST-000312,Engineering,Track,COR-04,SEC-07,356.715,Medium,Good,0.282,2026-01-04,2026-03-05,207,30
AST-000313,Engineering,Track,COR-01,SEC-02,249.988,High,Poor,0.35,2026-01-27,2026-04-27,154,1
AST-000314,TD,OHE Mast,COR-03,SEC-05,176.861,Medium,Fair,0.288,2026-05-09,2026-11-05,0,30
AST-000315,Engineering,Level Crossing,COR-03,SEC-05,137.308,High,Good,0.46,2026-05-03,2026-06-02,118,13
AST-000316,S&T,Axle Counter,COR-04,SEC-07,375.86,Medium,Fair,0.293,2026-03-10,2026-05-09,142,5
AST-000317,TD,OHE,COR-03,SEC-06,147.542,Low,Excellent,0.101,2026-02-25,2026-05-26,125,24
AST-000318,TD,Switching Station,COR-02,SEC-03,302.37,Medium,Fair,0.033,2026-07-21,2027-01-17,0,11
AST-000319,Engineering,Track Machine,COR-01,SEC-02,242.621,High,Good,0.033,2026-03-18,2026-09-14,14,4
AST-000320,S&T,Interlocking Equipment,COR-01,SEC-02,250.566,Medium,Poor,0.573,2026-08-26,2026-12-24,0,28
AST-000321,Engineering,Track Machine,COR-04,SEC-07,347.037,High,Excellent,0.464,2025-12-08,2026-06-06,114,9
AST-000322,TD,Traction Substation,COR-03,SEC-05,175.966,Low,Excellent,0.265,2026-07-28,2026-08-27,32,8
AST-000323,S&T,Axle Counter,COR-03,SEC-06,129.465,Critical,Good,0.689,2026-07-01,2026-10-29,0,22
AST-000324,Engineering,Track Machine,COR-02,SEC-03,334.797,High,Poor,0.356,2026-03-16,2026-04-15,166,18
AST-000325,TD,Traction Substation,COR-04,SEC-07,383.874,High,Fair,0.142,2026-04-16,2026-07-15,75,19
AST-000326,TD,OHE Mast,COR-01,SEC-01,199.581,High,Poor,0.622,2026-08-12,2026-10-11,0,21
AST-000327,Engineering,Level Crossing,COR-04,SEC-08,342.796,Critical,Fair,0.598,2025-12-30,2026-02-28,212,21
AST-000328,S&T,Axle Counter,COR-02,SEC-04,264.324,Low,Critical,0.409,2026-01-25,2026-04-25,156,23
AST-000329,TD,OHE,COR-03,SEC-05,135.537,Medium,Fair,0.439,2026-04-01,2026-05-31,120,16
AST-000330,Engineering,Track,COR-02,SEC-03,263.653,Medium,Fair,0.166,2026-05-15,2026-11-11,0,7
AST-000331,S&T,Telecom,COR-04,SEC-08,344.495,Medium,Fair,0.298,2026-03-17,2026-07-15,75,9
AST-000332,TD,Sectioning Post,COR-04,SEC-08,386.261,High,Poor,0.38,2025-10-25,2026-01-23,248,4
AST-000333,Engineering,Level Crossing,COR-01,SEC-02,213.188,High,Fair,0.124,2025-11-11,2026-02-09,231,1
AST-000334,Engineering,Track Machine,COR-03,SEC-06,137.468,Critical,Good,0.436,2026-09-16,2026-10-16,0,5
AST-000335,TD,Traction Substation,COR-03,SEC-05,126.55,Medium,Good,0.36,2026-05-05,2026-06-04,116,22
AST-000336,S&T,Relay Room,COR-01,SEC-01,191.724,Low,Fair,0.095,2026-08-09,2026-11-07,0,13
AST-000337,S&T,Axle Counter,COR-02,SEC-03,290.716,Low,Good,0.464,2026-02-25,2026-03-27,185,13
AST-000338,S&T,Signal,COR-03,SEC-05,159.747,Medium,Good,0.122,2025-10-31,2026-04-29,152,8
AST-000339,S&T,Relay Room,COR-04,SEC-07,399.807,Critical,Fair,0.664,2026-02-21,2026-03-23,189,6
AST-000340,S&T,Signal,COR-02,SEC-04,314.72,Medium,Fair,0.096,2026-02-26,2026-06-26,94,27
AST-000341,S&T,Signal,COR-01,SEC-02,233.347,Medium,Good,0.113,2025-12-02,2026-01-31,240,4
AST-000342,S&T,Interlocking Equipment,COR-01,SEC-02,193.492,High,Fair,0.29,2025-12-08,2026-06-06,114,5
AST-000343,S&T,Axle Counter,COR-04,SEC-08,394.368,High,Poor,0.364,2026-05-31,2026-07-30,60,21
AST-000344,Engineering,Bridge,COR-04,SEC-07,395.808,Low,Good,0.519,2025-11-03,2026-05-02,149,9
AST-000345,Engineering,Track,COR-04,SEC-08,380.169,High,Fair,0.136,2026-05-04,2026-10-31,0,6
AST-000346,S&T,Telecom,COR-01,SEC-01,236.8,Medium,Poor,0.192,2026-02-03,2026-03-05,207,2
AST-000347,TD,Switching Station,COR-04,SEC-07,356.891,Critical,Fair,0.547,2026-08-05,2026-10-04,0,28
AST-000348,S&T,Axle Counter,COR-03,SEC-05,159.411,Medium,Fair,0.102,2026-03-13,2026-07-11,79,18
AST-000349,Engineering,Track Machine,COR-01,SEC-01,199.588,Medium,Good,0.116,2025-12-28,2026-04-27,154,8
AST-000350,TD,Sectioning Post,COR-02,SEC-04,331.144,Medium,Fair,0.229,2026-06-12,2026-09-10,18,10
AST-000351,TD,OHE,COR-02,SEC-03,278.774,High,Poor,0.205,2026-05-08,2026-07-07,83,26
AST-000352,Engineering,Point Machine,COR-03,SEC-05,162.169,High,Poor,0.389,2025-11-22,2026-05-21,130,1
AST-000353,TD,Traction Substation,COR-02,SEC-03,274.745,Medium,Fair,0.159,2026-07-11,2027-01-07,0,6
AST-000354,TD,OHE Mast,COR-04,SEC-08,384.977,Low,Good,0.267,2026-04-13,2026-08-11,48,19
AST-000355,TD,Sectioning Post,COR-04,SEC-08,374.687,Medium,Good,0.359,2026-08-05,2026-10-04,0,5
AST-000356,Engineering,Level Crossing,COR-04,SEC-07,366.175,High,Fair,0.075,2025-11-14,2026-02-12,228,29
AST-000357,S&T,Interlocking Equipment,COR-03,SEC-06,177.103,Medium,Poor,0.642,2025-12-23,2026-02-21,219,8
AST-000358,Engineering,Bridge,COR-03,SEC-05,127.974,Medium,Poor,0.52,2026-07-07,2026-11-04,0,17
AST-000359,S&T,Signal,COR-04,SEC-07,404.336,Medium,Poor,0.761,2026-02-16,2026-04-17,164,5
AST-000360,S&T,Signal,COR-03,SEC-05,186.724,High,Critical,0.434,2026-07-25,2026-11-22,0,20
AST-000361,TD,OHE Mast,COR-04,SEC-08,353.068,Low,Good,0.255,2026-04-08,2026-08-06,53,5
AST-000362,TD,OHE Mast,COR-01,SEC-02,233.866,High,Good,0.257,2026-07-29,2026-08-28,31,6
AST-000363,TD,OHE Mast,COR-02,SEC-04,275.441,Medium,Good,0.233,2026-03-16,2026-04-15,166,21
AST-000364,S&T,Telecom,COR-02,SEC-03,317.71,Medium,Poor,0.469,2026-09-08,2026-12-07,0,6
AST-000365,Engineering,Track Machine,COR-03,SEC-05,189.721,Critical,Poor,0.59,2026-06-10,2026-07-10,80,11
AST-000366,TD,Traction Substation,COR-02,SEC-03,307.882,High,Good,0.18,2026-09-23,2027-01-21,0,28
AST-000367,TD,OHE Mast,COR-04,SEC-08,361.847,Low,Critical,0.372,2026-07-03,2026-08-02,57,2
AST-000368,TD,Sectioning Post,COR-02,SEC-04,266.131,Medium,Critical,0.316,2026-07-19,2026-09-17,11,2
AST-000369,S&T,Axle Counter,COR-04,SEC-08,400.69,High,Excellent,0.258,2025-12-04,2026-01-03,268,1
AST-000370,TD,OHE,COR-01,SEC-02,186.444,Medium,Poor,0.56,2026-09-03,2026-11-02,0,17
AST-000371,S&T,Axle Counter,COR-01,SEC-02,235.994,Medium,Fair,0.343,2026-03-17,2026-07-15,75,10
AST-000372,S&T,Signal,COR-02,SEC-04,333.334,Medium,Poor,0.395,2025-10-31,2026-04-29,152,3
AST-000373,TD,Sectioning Post,COR-02,SEC-04,288.136,Medium,Poor,0.46,2025-12-07,2026-02-05,235,3
AST-000374,TD,OHE Mast,COR-04,SEC-07,359.197,Medium,Poor,0.675,2026-05-29,2026-08-27,32,6
AST-000375,TD,OHE Mast,COR-01,SEC-02,231.848,Medium,Fair,0.787,2026-09-18,2026-10-18,0,14
AST-000376,S&T,Interlocking Equipment,COR-03,SEC-05,139.941,High,Good,0.383,2025-10-20,2025-11-19,313,4
AST-000377,Engineering,Track,COR-04,SEC-08,378.935,High,Poor,0.668,2026-04-30,2026-06-29,91,29
AST-000378,S&T,Relay Room,COR-03,SEC-05,122.612,Medium,Good,0.125,2026-04-03,2026-05-03,148,21
AST-000379,S&T,Relay Room,COR-04,SEC-07,345.024,Medium,Fair,0.08,2026-05-31,2026-06-30,90,29
AST-000380,Engineering,Bridge,COR-02,SEC-03,307.581,Medium,Fair,0.134,2025-10-18,2025-11-17,315,10
AST-000381,Engineering,Track Machine,COR-01,SEC-02,188.421,Medium,Excellent,0.371,2026-09-13,2027-01-11,0,5
AST-000382,Engineering,Point Machine,COR-04,SEC-07,346.312,High,Fair,0.041,2026-04-27,2026-05-27,124,29
AST-000383,Engineering,Track,COR-02,SEC-04,320.504,Medium,Fair,0.406,2025-11-18,2026-05-17,134,3
AST-000384,S&T,Telecom,COR-03,SEC-05,123.315,Critical,Excellent,0.577,2026-01-11,2026-04-11,170,17
AST-000385,TD,Traction Substation,COR-03,SEC-06,163.165,High,Excellent,0.159,2026-05-30,2026-06-29,91,30
AST-000386,TD,Switching Station,COR-02,SEC-04,316.614,Medium,Fair,0.287,2026-04-22,2026-07-21,69,7
AST-000387,Engineering,Level Crossing,COR-03,SEC-06,186.09,High,Excellent,0.242,2026-03-08,2026-09-04,24,25
AST-000388,S&T,Relay Room,COR-04,SEC-08,376.454,High,Poor,0.507,2026-06-12,2026-12-09,0,24
AST-000389,Engineering,Track,COR-02,SEC-04,307.17,Medium,Fair,0.318,2026-07-14,2026-10-12,0,9
AST-000390,TD,OHE Mast,COR-04,SEC-08,379.242,Medium,Fair,0.244,2026-05-20,2026-11-16,0,18
AST-000391,Engineering,Track,COR-01,SEC-02,205.176,High,Fair,0.276,2026-03-20,2026-04-19,162,27
AST-000392,Engineering,Track Machine,COR-03,SEC-06,131.422,Medium,Fair,0.149,2025-11-24,2025-12-24,278,9
AST-000393,Engineering,Point Machine,COR-04,SEC-07,400.639,Low,Fair,0.422,2026-03-22,2026-06-20,100,5
AST-000394,S&T,Telecom,COR-03,SEC-05,129.68,Medium,Critical,0.342,2026-06-20,2026-10-18,0,4
AST-000395,Engineering,Point Machine,COR-04,SEC-08,388.437,Medium,Excellent,0.342,2025-12-08,2026-06-06,114,13
AST-000396,S&T,Relay Room,COR-01,SEC-02,200.137,Medium,Good,0.228,2026-03-24,2026-06-22,98,9
AST-000397,Engineering,Bridge,COR-03,SEC-05,136.246,Medium,Poor,0.483,2026-06-18,2026-10-16,0,4
AST-000398,Engineering,Bridge,COR-02,SEC-03,272.335,Medium,Good,0.208,2026-05-04,2026-06-03,117,17
AST-000399,S&T,Telecom,COR-02,SEC-04,338.769,High,Excellent,0.176,2026-02-24,2026-05-25,126,10
AST-000400,TD,OHE,COR-01,SEC-01,195.029,Critical,Fair,0.422,2026-06-22,2026-08-21,38,10
AST-000401,S&T,Interlocking Equipment,COR-02,SEC-03,325.731,Medium,Fair,0.212,2026-06-11,2026-12-08,0,6
AST-000402,TD,Sectioning Post,COR-04,SEC-07,341.431,Medium,Fair,0.143,2025-11-07,2025-12-07,295,24
AST-000403,Engineering,Track,COR-03,SEC-05,163.38,High,Good,0.093,2026-04-10,2026-07-09,81,12
AST-000404,Engineering,Track,COR-04,SEC-08,370.263,Medium,Poor,0.585,2026-03-11,2026-04-10,171,26
AST-000405,Engineering,Track Machine,COR-04,SEC-07,379.409,Medium,Poor,0.355,2026-06-11,2026-09-09,19,30
AST-000406,TD,Sectioning Post,COR-02,SEC-03,328.477,Medium,Good,0.206,2026-09-23,2026-12-22,0,26
AST-000407,S&T,Relay Room,COR-01,SEC-02,213.122,Medium,Excellent,0.348,2026-04-24,2026-10-21,0,19
AST-000408,TD,OHE,COR-04,SEC-07,359.465,Low,Fair,0.344,2026-01-25,2026-02-24,216,17
AST-000409,TD,OHE Mast,COR-03,SEC-05,173.576,Medium,Poor,0.725,2026-01-25,2026-02-24,216,28
AST-000410,TD,Switching Station,COR-01,SEC-02,247.009,Medium,Excellent,0.203,2026-07-31,2026-09-29,0,24
AST-000411,Engineering,Bridge,COR-04,SEC-08,355.981,Medium,Good,0.099,2026-04-18,2026-06-17,103,5
AST-000412,TD,OHE,COR-01,SEC-02,217.676,Medium,Critical,0.507,2026-05-29,2026-07-28,62,11
AST-000413,S&T,Interlocking Equipment,COR-02,SEC-03,301.538,High,Poor,0.436,2026-03-22,2026-07-20,70,19
AST-000414,TD,OHE,COR-03,SEC-05,183.315,High,Critical,0.53,2026-03-29,2026-05-28,123,10
AST-000415,S&T,Telecom,COR-03,SEC-05,173.336,High,Good,0.12,2026-04-27,2026-06-26,94,22
AST-000416,TD,Traction Substation,COR-04,SEC-07,345.16,Medium,Poor,0.362,2026-01-02,2026-07-01,89,12
AST-000417,Engineering,Bridge,COR-04,SEC-07,373.895,Medium,Good,0.297,2026-06-23,2026-07-23,67,15
AST-000418,Engineering,Track,COR-01,SEC-01,249.557,Low,Critical,0.403,2025-10-04,2026-04-02,179,7
AST-000419,S&T,Interlocking Equipment,COR-03,SEC-06,185.489,Critical,Good,0.217,2026-05-05,2026-07-04,86,16
AST-000420,S&T,Relay Room,COR-03,SEC-05,182.318,Medium,Fair,0.409,2026-02-17,2026-05-18,133,19
AST-000421,S&T,Axle Counter,COR-03,SEC-05,139.426,Medium,Poor,0.485,2025-11-03,2026-03-03,209,5
AST-000422,S&T,Telecom,COR-01,SEC-02,188.511,Low,Fair,0.497,2026-07-18,2026-08-17,42,7
AST-000423,S&T,Axle Counter,COR-04,SEC-08,396.318,Medium,Good,0.421,2026-01-28,2026-05-28,123,9
AST-000424,Engineering,Bridge,COR-04,SEC-08,367.253,High,Poor,0.503,2026-05-22,2026-09-19,9,10
AST-000425,TD,Switching Station,COR-03,SEC-05,125.806,High,Fair,0.494,2026-04-07,2026-10-04,0,8
AST-000426,Engineering,Track Machine,COR-04,SEC-07,356.833,High,Good,0.248,2026-01-25,2026-07-24,66,19
AST-000427,S&T,Signal,COR-03,SEC-05,140.738,High,Poor,0.321,2025-11-16,2025-12-16,286,2
AST-000428,S&T,Telecom,COR-03,SEC-06,131.97,High,Fair,0.329,2026-01-05,2026-05-05,146,2
AST-000429,TD,Switching Station,COR-04,SEC-07,382.019,Critical,Fair,0.516,2026-04-05,2026-05-05,146,2
AST-000430,S&T,Axle Counter,COR-04,SEC-07,401.834,High,Fair,0.406,2026-04-24,2026-06-23,97,21
AST-000431,TD,OHE,COR-04,SEC-08,370.732,Medium,Poor,0.43,2025-11-09,2026-05-08,143,12
AST-000432,Engineering,Track Machine,COR-04,SEC-08,396.126,Low,Fair,0.386,2026-01-07,2026-05-07,144,25
AST-000433,TD,Traction Substation,COR-02,SEC-03,323.948,Low,Good,0.589,2026-04-17,2026-07-16,74,20
AST-000434,TD,Traction Substation,COR-04,SEC-07,351.71,Low,Good,0.387,2026-03-02,2026-05-31,120,6
AST-000435,Engineering,Bridge,COR-02,SEC-04,328.52,Medium,Good,0.137,2026-03-02,2026-05-01,150,26
AST-000436,S&T,Telecom,COR-01,SEC-01,220.922,Medium,Poor,0.29,2026-08-24,2026-09-23,5,28
AST-000437,S&T,Signal,COR-03,SEC-06,131.556,Low,Good,0.484,2025-12-02,2026-03-02,210,7
AST-000438,TD,Switching Station,COR-02,SEC-04,312.964,Medium,Poor,0.385,2026-05-27,2026-07-26,64,15
AST-000439,S&T,Signal,COR-03,SEC-05,169.312,Critical,Poor,0.385,2026-04-28,2026-06-27,93,11
AST-000440,Engineering,Track Machine,COR-02,SEC-04,334.229,Low,Good,0.193,2026-03-21,2026-04-20,161,1
AST-000441,S&T,Axle Counter,COR-01,SEC-02,192.282,Medium,Fair,0.175,2026-08-08,2026-09-07,21,9
AST-000442,TD,OHE Mast,COR-04,SEC-07,361.867,High,Excellent,0.328,2026-07-12,2026-09-10,18,24
AST-000443,S&T,Signal,COR-04,SEC-07,379.743,High,Fair,0.272,2026-08-27,2026-10-26,0,5
AST-000444,Engineering,Point Machine,COR-01,SEC-02,247.276,Medium,Fair,0.115,2026-01-23,2026-03-24,188,9
AST-000445,TD,Sectioning Post,COR-04,SEC-07,362.949,Low,Fair,0.401,2026-06-14,2026-08-13,46,3
AST-000446,TD,OHE Mast,COR-03,SEC-05,167.991,Critical,Poor,0.617,2026-04-20,2026-05-20,131,19
AST-000447,TD,Traction Substation,COR-03,SEC-06,187.137,Medium,Poor,0.552,2026-03-28,2026-05-27,124,29
AST-000448,TD,OHE Mast,COR-02,SEC-04,291.277,Medium,Good,0.263,2026-05-16,2026-06-15,105,15
AST-000449,Engineering,Point Machine,COR-01,SEC-01,182.258,Medium,Fair,0.112,2026-07-27,2026-11-24,0,21
AST-000450,Engineering,Bridge,COR-04,SEC-07,365.944,High,Good,0.117,2026-04-11,2026-10-08,0,13
AST-000451,TD,OHE Mast,COR-03,SEC-06,170.223,Low,Fair,0.487,2026-04-27,2026-06-26,94,16
AST-000452,Engineering,Bridge,COR-01,SEC-01,233.065,Medium,Fair,0.515,2026-08-04,2027-01-31,0,5
AST-000453,S&T,Telecom,COR-04,SEC-08,353.462,High,Poor,0.304,2026-04-14,2026-10-11,0,16
AST-000454,TD,Sectioning Post,COR-01,SEC-01,245.591,Medium,Fair,0.475,2026-03-13,2026-06-11,109,16
AST-000455,TD,Switching Station,COR-01,SEC-02,223.588,Medium,Fair,0.051,2026-08-31,2026-10-30,0,10
AST-000456,TD,OHE Mast,COR-03,SEC-05,157.563,Medium,Good,0.362,2026-03-09,2026-07-07,83,2
AST-000457,TD,Switching Station,COR-02,SEC-03,299.767,High,Fair,0.185,2025-10-29,2025-11-28,304,25
AST-000458,TD,OHE Mast,COR-01,SEC-01,228.664,High,Poor,0.227,2026-07-18,2026-08-17,42,13
AST-000459,Engineering,Point Machine,COR-03,SEC-05,187.132,Low,Fair,0.642,2026-01-29,2026-02-28,212,2
AST-000460,S&T,Interlocking Equipment,COR-02,SEC-04,285.243,High,Fair,0.315,2026-05-06,2026-09-03,25,5
AST-000461,S&T,Relay Room,COR-01,SEC-02,214.567,High,Critical,0.378,2026-02-13,2026-04-14,167,28
AST-000462,TD,Sectioning Post,COR-03,SEC-05,129.758,Medium,Fair,0.351,2026-09-04,2026-10-04,0,12
AST-000463,TD,OHE Mast,COR-01,SEC-01,185.747,High,Fair,0.136,2026-09-21,2026-11-20,0,8
AST-000464,TD,OHE Mast,COR-02,SEC-03,267.619,Medium,Fair,0.234,2026-09-18,2026-12-17,0,8
AST-000465,TD,OHE,COR-03,SEC-05,157.688,High,Fair,0.288,2025-10-05,2025-11-04,328,6
AST-000466,Engineering,Point Machine,COR-01,SEC-02,183.44,Medium,Fair,0.203,2025-10-28,2026-04-26,155,7
AST-000467,TD,Switching Station,COR-04,SEC-07,353.537,High,Poor,0.459,2026-02-22,2026-05-23,128,20
AST-000468,TD,Switching Station,COR-03,SEC-06,155.761,High,Fair,0.203,2025-11-06,2026-05-05,146,26
AST-000469,Engineering,Level Crossing,COR-04,SEC-08,366.519,Medium,Fair,0.328,2026-03-22,2026-05-21,130,20
AST-000470,Engineering,Level Crossing,COR-01,SEC-01,201.206,High,Fair,0.201,2026-06-30,2026-10-28,0,25
AST-000471,S&T,Relay Room,COR-04,SEC-08,399.476,High,Critical,0.507,2025-12-30,2026-01-29,242,14
AST-000472,S&T,Axle Counter,COR-02,SEC-04,269.502,Medium,Good,0.482,2026-02-27,2026-05-28,123,20
AST-000473,TD,Traction Substation,COR-03,SEC-06,149.376,High,Excellent,0.372,2025-10-28,2026-01-26,245,6
AST-000474,S&T,Relay Room,COR-01,SEC-02,201.936,Medium,Good,0.338,2026-05-15,2026-06-14,106,3
AST-000475,S&T,Telecom,COR-01,SEC-02,194.251,Critical,Poor,0.515,2026-07-09,2026-10-07,0,5
AST-000476,Engineering,Track,COR-02,SEC-03,314.94,Low,Good,0.235,2026-02-15,2026-06-15,105,3
AST-000477,S&T,Relay Room,COR-04,SEC-08,389.84,Medium,Poor,0.357,2026-02-19,2026-05-20,131,11
AST-000478,Engineering,Point Machine,COR-03,SEC-06,138.751,Medium,Poor,0.363,2025-12-25,2026-03-25,187,27
AST-000479,Engineering,Level Crossing,COR-04,SEC-08,366.967,Low,Good,0.438,2026-02-09,2026-06-09,111,24
AST-000480,S&T,Signal,COR-04,SEC-07,369.92,Medium,Fair,0.403,2026-02-13,2026-03-15,197,24
AST-000481,S&T,Relay Room,COR-04,SEC-07,367.334,Medium,Excellent,0.282,2026-08-19,2026-12-17,0,24
AST-000482,TD,OHE,COR-03,SEC-05,149.097,High,Fair,0.335,2026-04-22,2026-07-21,69,28
AST-000483,S&T,Axle Counter,COR-04,SEC-08,344.976,Medium,Good,0.381,2026-07-27,2026-11-24,0,1
AST-000484,TD,Switching Station,COR-01,SEC-01,181.552,High,Fair,0.578,2026-06-27,2026-08-26,33,9
AST-000485,Engineering,Level Crossing,COR-03,SEC-06,175.234,Medium,Fair,0.438,2025-12-23,2026-01-22,249,27
AST-000486,S&T,Signal,COR-01,SEC-02,218.745,Low,Poor,0.856,2026-01-18,2026-03-19,193,3
AST-000487,TD,OHE Mast,COR-02,SEC-04,317.894,Medium,Poor,0.457,2026-01-28,2026-02-27,213,27
AST-000488,S&T,Interlocking Equipment,COR-01,SEC-02,196.404,Medium,Good,0.453,2026-08-18,2026-12-16,0,2
AST-000489,S&T,Relay Room,COR-03,SEC-05,151.416,High,Fair,0.123,2026-08-24,2026-09-23,5,3
AST-000490,Engineering,Bridge,COR-04,SEC-08,344.982,Low,Fair,0.282,2026-01-25,2026-07-24,66,7
AST-000491,TD,Traction Substation,COR-03,SEC-05,181.093,Medium,Good,0.441,2026-04-10,2026-08-08,51,12
AST-000492,TD,OHE,COR-04,SEC-07,344.701,High,Fair,0.416,2025-12-23,2026-03-23,189,22
AST-000493,Engineering,Level Crossing,COR-02,SEC-04,281.067,Medium,Excellent,0.585,2026-07-31,2026-08-30,29,14
AST-000494,TD,OHE Mast,COR-04,SEC-07,399.233,Critical,Excellent,0.254,2026-03-19,2026-07-17,73,27
AST-000495,TD,OHE Mast,COR-02,SEC-04,282.651,Medium,Fair,0.174,2026-09-14,2027-01-12,0,16
AST-000496,S&T,Interlocking Equipment,COR-02,SEC-04,298.281,Medium,Poor,0.347,2025-10-04,2026-04-02,179,9
AST-000497,TD,OHE Mast,COR-03,SEC-06,169.001,Critical,Fair,0.736,2025-11-07,2026-05-06,145,30
AST-000498,TD,Switching Station,COR-04,SEC-08,409.6,Medium,Good,0.24,2026-07-09,2026-10-07,0,13
AST-000499,Engineering,Track,COR-03,SEC-06,151.139,Medium,Fair,0.122,2026-06-03,2026-08-02,57,22
AST-000500,S&T,Interlocking Equipment,COR-03,SEC-05,128.794,Medium,Fair,0.191,2026-09-19,2026-11-18,0,8
