block_id,date,corridor_id,route_section,line,block_start,block_end,block_type,availability_status,available_capacity_min,reason_unavailable
BLK-0000001,2026-09-28,COR-01,SEC-01,Up,2026-09-28 00:00,2026-09-28 05:00,Power Block,Available,300,
BLK-0000002,2026-09-28,COR-01,SEC-02,Down,2026-09-28 00:00,2026-09-28 05:00,Full Block,Available,300,
BLK-0000003,2026-09-28,COR-02,SEC-04,Up,2026-09-28 00:00,2026-09-28 05:00,Full Block,Available,300,
BLK-0000004,2026-09-28,COR-02,SEC-04,Down,2026-09-28 00:00,2026-09-28 05:00,Power Block,Available,300,
BLK-0000005,2026-09-28,COR-03,SEC-05,Up,2026-09-28 00:00,2026-09-28 05:00,Full Block,Available,300,
BLK-0000006,2026-09-28,COR-03,SEC-06,Down,2026-09-28 00:00,2026-09-28 05:00,Full Block,Available,300,
BLK-0000007,2026-09-28,COR-04,SEC-07,Up,2026-09-28 00:00,2026-09-28 05:00,Full Block,Available,300,
BLK-0000008,2026-09-28,COR-04,SEC-07,Down,2026-09-28 00:00,2026-09-28 05:00,Full Block,Available,300,
BLK-0000009,2026-09-29,COR-01,SEC-01,Up,2026-09-29 00:00,2026-09-29 05:00,Full Block,Available,300,
BLK-0000010,2026-09-29,COR-01,SEC-01,Down,2026-09-29 00:00,2026-09-29 05:00,Full Block,Available,300,
BLK-0000011,2026-09-29,COR-02,SEC-04,Up,2026-09-29 00:00,2026-09-29 05:00,Power Block,Available,300,
BLK-0000012,2026-09-29,COR-02,SEC-03,Down,2026-09-29 00:00,2026-09-29 05:00,Power Block,Available,300,
BLK-0000013,2026-09-29,COR-03,SEC-05,Up,2026-09-29 00:00,2026-09-29 05:00,Full Block,Available,300,
BLK-0000014,2026-09-29,COR-03,SEC-06,Down,2026-09-29 00:00,2026-09-29 05:00,Power Block,Available,300,
BLK-0000015,2026-09-29,COR-04,SEC-08,Up,2026-09-29 00:00,2026-09-29 05:00,Full Block,Available,300,
BLK-0000016,2026-09-29,COR-04,SEC-08,Down,2026-09-29 00:00,2026-09-29 05:00,Power Block,Available,300,
BLK-0000017,2026-09-30,COR-01,SEC-01,Up,2026-09-30 00:00,2026-09-30 05:00,Full Block,Available,300,
BLK-0000018,2026-09-30,COR-01,SEC-02,Down,2026-09-30 00:00,2026-09-30 05:00,Full Block,Available,300,
BLK-0000019,2026-09-30,COR-02,SEC-03,Up,2026-09-30 00:00,2026-09-30 05:00,Full Block,Available,300,
BLK-0000020,2026-09-30,COR-02,SEC-04,Down,2026-09-30 00:00,2026-09-30 05:00,Full Block,Available,300,
BLK-0000021,2026-09-30,COR-03,SEC-05,Up,2026-09-30 00:00,2026-09-30 05:00,Full Block,Available,300,
BLK-0000022,2026-09-30,COR-03,SEC-06,Down,2026-09-30 00:00,2026-09-30 05:00,Full Block,Available,300,
BLK-0000023,2026-09-30,COR-04,SEC-08,Up,2026-09-30 00:00,2026-09-30 05:00,Full Block,Available,300,
BLK-0000024,2026-09-30,COR-04,SEC-07,Down,2026-09-30 00:00,2026-09-30 05:00,Full Block,Available,300,
BLK-0000025,2026-10-01,COR-01,SEC-01,Up,2026-10-01 00:00,2026-10-01 05:00,Power Block,Available,300,
BLK-0000026,2026-10-01,COR-01,SEC-02,Down,2026-10-01 00:00,2026-10-01 05:00,Full Block,Available,300,
BLK-0000027,2026-10-01,COR-02,SEC-04,Up,2026-10-01 00:00,2026-10-01 05:00,Full Block,Available,300,
BLK-0000028,2026-10-01,COR-02,SEC-04,Down,2026-10-01 00:00,2026-10-01 05:00,Full Block,Available,300,
BLK-0000029,2026-10-01,COR-03,SEC-05,Up,2026-10-01 00:00,2026-10-01 05:00,Full Block,Available,300,
BLK-0000030,2026-10-01,COR-03,SEC-05,Down,2026-10-01 00:00,2026-10-01 05:00,Full Block,Available,300,
BLK-0000031,2026-10-01,COR-04,SEC-07,Up,2026-10-01 00:00,2026-10-01 05:00,Full Block,Available,300,
BLK-0000032,2026-10-01,COR-04,SEC-07,Down,2026-10-01 00:00,2026-10-01 05:00,Full Block,Available,300,
BLK-0000033,2026-10-02,COR-01,SEC-02,Up,2026-10-02 00:00,2026-10-02 05:00,Full Block,Available,300,
BLK-0000034,2026-10-02,COR-01,SEC-02,Down,2026-10-02 00:00,2026-10-02 05:00,Full Block,Available,300,
BLK-0000035,2026-10-02,COR-02,SEC-03,Up,2026-10-02 00:00,2026-10-02 05:00,Power Block,Available,300,
BLK-0000036,2026-10-02,COR-02,SEC-03,Down,2026-10-02 00:00,2026-10-02 05:00,Full Block,Available,300,
BLK-0000037,2026-10-02,COR-03,SEC-06,Up,2026-10-02 00:00,2026-10-02 05:00,Power Block,Available,300,
BLK-0000038,2026-10-02,COR-03,SEC-05,Down,2026-10-02 00:00,2026-10-02 05:00,Power Block,Available,300,
BLK-0000039,2026-10-02,COR-04,SEC-08,Up,2026-10-02 00:00,2026-10-02 05:00,Power Block,Available,300,
BLK-0000040,2026-10-02,COR-04,SEC-07,Down,2026-10-02 00:00,2026-10-02 05:00,Full Block,Available,300,
BLK-0000041,2026-10-03,COR-01,SEC-02,Up,2026-10-03 00:00,2026-10-03 05:00,Power Block,Available,300,
BLK-0000042,2026-10-03,COR-01,SEC-01,Down,2026-10-03 00:00,2026-10-03 05:00,Power Block,Available,300,
BLK-0000043,2026-10-03,COR-02,SEC-03,Up,2026-10-03 00:00,2026-10-03 05:00,Power Block,Available,300,
BLK-0000044,2026-10-03,COR-02,SEC-04,Down,2026-10-03 00:00,2026-10-03 05:00,Full Block,Available,300,
BLK-0000045,2026-10-03,COR-03,SEC-06,Up,2026-10-03 00:00,2026-10-03 05:00,Full Block,Available,300,
BLK-0000046,2026-10-03,COR-03,SEC-05,Down,2026-10-03 00:00,2026-10-03 05:00,Full Block,Available,300,
BLK-0000047,2026-10-03,COR-04,SEC-08,Up,2026-10-03 00:00,2026-10-03 05:00,Full Block,Available,300,
BLK-0000048,2026-10-03,COR-04,SEC-07,Down,2026-10-03 00:00,2026-10-03 05:00,Power Block,Available,300,
BLK-0000049,2026-10-04,COR-01,SEC-01,Up,2026-10-04 00:00,2026-10-04 05:00,Full Block,Available,300,
BLK-0000050,2026-10-04,COR-01,SEC-01,Down,2026-10-04 00:00,2026-10-04 05:00,Power Block,Available,300,
BLK-0000051,2026-10-04,COR-02,SEC-03,Up,2026-10-04 00:00,2026-10-04 05:00,Full Block,Available,300,
BLK-0000052,2026-10-04,COR-02,SEC-03,Down,2026-10-04 00:00,2026-10-04 05:00,Full Block,Available,300,
BLK-0000053,2026-10-04,COR-03,SEC-05,Up,2026-10-04 00:00,2026-10-04 05:00,Full Block,Available,300,
BLK-0000054,2026-10-04,COR-03,SEC-06,Down,2026-10-04 00:00,2026-10-04 05:00,Power Block,Available,300,
BLK-0000055,2026-10-04,COR-04,SEC-08,Up,2026-10-04 00:00,2026-10-04 05:00,Power Block,Available,300,
BLK-0000056,2026-10-04,COR-04,SEC-08,Down,2026-10-04 00:00,2026-10-04 05:00,Full Block,Available,300,
BLK-0000057,2026-10-05,COR-01,SEC-02,Up,2026-10-05 00:00,2026-10-05 05:00,Full Block,Available,300,
BLK-0000058,2026-10-05,COR-01,SEC-01,Down,2026-10-05 00:00,2026-10-05 05:00,Full Block,Available,300,
BLK-0000059,2026-10-05,COR-02,SEC-04,Up,2026-10-05 00:00,2026-10-05 05:00,Full Block,Available,300,
BLK-0000060,2026-10-05,COR-02,SEC-03,Down,2026-10-05 00:00,2026-10-05 05:00,Full Block,Available,300,
BLK-0000061,2026-10-05,COR-03,SEC-06,Up,2026-10-05 00:00,2026-10-05 05:00,Power Block,Available,300,
BLK-0000062,2026-10-05,COR-03,SEC-06,Down,2026-10-05 00:00,2026-10-05 05:00,Full Block,Available,300,
BLK-0000063,2026-10-05,COR-04,SEC-07,Up,2026-10-05 00:00,2026-10-05 05:00,Power Block,Available,300,
BLK-0000064,2026-10-05,COR-04,SEC-08,Down,2026-10-05 00:00,2026-10-05 05:00,Full Block,Available,300,
BLK-0000065,2026-10-06,COR-01,SEC-02,Up,2026-10-06 00:00,2026-10-06 05:00,Full Block,Available,300,
BLK-0000066,2026-10-06,COR-01,SEC-02,Down,2026-10-06 00:00,2026-10-06 05:00,Full Block,Available,300,
BLK-0000067,2026-10-06,COR-02,SEC-03,Up,2026-10-06 00:00,2026-10-06 05:00,Full Block,Available,300,
BLK-0000068,2026-10-06,COR-02,SEC-03,Down,2026-10-06 00:00,2026-10-06 05:00,Power Block,Available,300,
BLK-0000069,2026-10-06,COR-03,SEC-05,Up,2026-10-06 00:00,2026-10-06 05:00,Full Block,Available,300,
BLK-0000070,2026-10-06,COR-03,SEC-06,Down,2026-10-06 00:00,2026-10-06 05:00,Full Block,Available,300,
BLK-0000071,2026-10-06,COR-04,SEC-08,Up,2026-10-06 00:00,2026-10-06 05:00,Full Block,Available,300,
BLK-0000072,2026-10-06,COR-04,SEC-08,Down,2026-10-06 00:00,2026-10-06 05:00,Full Block,Available,300,
BLK-0000073,2026-10-07,COR-01,SEC-02,Up,2026-10-07 00:00,2026-10-07 05:00,Full Block,Available,300,
BLK-0000074,2026-10-07,COR-01,SEC-01,Down,2026-10-07 00:00,2026-10-07 05:00,Power Block,Available,300,
BLK-0000075,2026-10-07,COR-02,SEC-03,Up,2026-10-07 00:00,2026-10-07 05:00,Full Block,Available,300,
BLK-0000076,2026-10-07,COR-02,SEC-03,Down,2026-10-07 00:00,2026-10-07 05:00,Full Block,Available,300,
BLK-0000077,2026-10-07,COR-03,SEC-05,Up,2026-10-07 00:00,2026-10-07 05:00,Power Block,Available,300,
BLK-0000078,2026-10-07,COR-03,SEC-05,Down,2026-10-07 00:00,2026-10-07 05:00,Full Block,Available,300,
BLK-0000079,2026-10-07,COR-04,SEC-07,Up,2026-10-07 00:00,2026-10-07 05:00,Full Block,Available,300,
BLK-0000080,2026-10-07,COR-04,SEC-07,Down,2026-10-07 00:00,2026-10-07 05:00,Power Block,Available,300,
BLK-0000081,2026-10-08,COR-01,SEC-01,Up,2026-10-08 00:00,2026-10-08 05:00,Power Block,Available,300,
BLK-0000082,2026-10-08,COR-01,SEC-02,Down,2026-10-08 00:00,2026-10-08 05:00,Full Block,Available,300,
BLK-0000083,2026-10-08,COR-02,SEC-04,Up,2026-10-08 00:00,2026-10-08 05:00,Full Block,Available,300,
BLK-0000084,2026-10-08,COR-02,SEC-04,Down,2026-10-08 00:00,2026-10-08 05:00,Power Block,Available,300,
BLK-0000085,2026-10-08,COR-03,SEC-06,Up,2026-10-08 00:00,2026-10-08 05:00,Power Block,Available,300,
BLK-0000086,2026-10-08,COR-03,SEC-05,Down,2026-10-08 00:00,2026-10-08 05:00,Power Block,Available,300,
BLK-0000087,2026-10-08,COR-04,SEC-07,Up,2026-10-08 00:00,2026-10-08 05:00,Power Block,Available,300,
BLK-0000088,2026-10-08,COR-04,SEC-08,Down,2026-10-08 00:00,2026-10-08 05:00,Full Block,Available,300,
BLK-0000089,2026-10-09,COR-01,SEC-01,Up,2026-10-09 00:00,2026-10-09 05:00,Power Block,Available,300,
BLK-0000090,2026-10-09,COR-01,SEC-01,Down,2026-10-09 00:00,2026-10-09 05:00,Power Block,Available,300,
BLK-0000091,2026-10-09,COR-02,SEC-03,Up,2026-10-09 00:00,2026-10-09 05:00,Power Block,Available,300,
BLK-0000092,2026-10-09,COR-02,SEC-03,Down,2026-10-09 00:00,2026-10-09 05:00,Full Block,Available,300,
BLK-0000093,2026-10-09,COR-03,SEC-05,Up,2026-10-09 00:00,2026-10-09 05:00,Full Block,Available,300,
BLK-0000094,2026-10-09,COR-03,SEC-06,Down,2026-10-09 00:00,2026-10-09 05:00,Full Block,Available,300,
BLK-0000095,2026-10-09,COR-04,SEC-07,Up,2026-10-09 00:00,2026-10-09 05:00,Full Block,Available,300,
BLK-0000096,2026-10-09,COR-04,SEC-08,Down,2026-10-09 00:00,2026-10-09 05:00,Full Block,Available,300,
BLK-0000097,2026-10-10,COR-01,SEC-01,Up,2026-10-10 00:00,2026-10-10 05:00,Full Block,Available,300,
BLK-0000098,2026-10-10,COR-01,SEC-02,Down,2026-10-10 00:00,2026-10-10 05:00,Full Block,Available,300,
BLK-0000099,2026-10-10,COR-02,SEC-03,Up,2026-10-10 00:00,2026-10-10 05:00,Full Block,Available,300,
BLK-0000100,2026-10-10,COR-02,SEC-03,Down,2026-10-10 00:00,2026-10-10 05:00,Power Block,Available,300,
BLK-0000101,2026-10-10,COR-03,SEC-05,Up,2026-10-10 00:00,2026-10-10 05:00,Full Block,Available,300,
BLK-0000102,2026-10-10,COR-03,SEC-06,Down,2026-10-10 00:00,2026-10-10 05:00,Full Block,Available,300,
BLK-0000103,2026-10-10,COR-04,SEC-07,Up,2026-10-10 00:00,2026-10-10 05:00,Full Block,Available,300,
BLK-0000104,2026-10-10,COR-04,SEC-08,Down,2026-10-10 00:00,2026-10-10 05:00,Power Block,Available,300,
BLK-0000105,2026-10-11,COR-01,SEC-01,Up,2026-10-11 00:00,2026-10-11 05:00,Full Block,Available,300,
BLK-0000106,2026-10-11,COR-01,SEC-02,Down,2026-10-11 00:00,2026-10-11 05:00,Full Block,Available,300,
BLK-0000107,2026-10-11,COR-02,SEC-03,Up,2026-10-11 00:00,2026-10-11 05:00,Power Block,Available,300,
BLK-0000108,2026-10-11,COR-02,SEC-04,Down,2026-10-11 00:00,2026-10-11 05:00,Power Block,Available,300,
BLK-0000109,2026-10-11,COR-03,SEC-05,Up,2026-10-11 00:00,2026-10-11 05:00,Power Block,Available,300,
BLK-0000110,2026-10-11,COR-03,SEC-05,Down,2026-10-11 00:00,2026-10-11 05:00,Full Block,Available,300,
BLK-0000111,2026-10-11,COR-04,SEC-08,Up,2026-10-11 00:00,2026-10-11 05:00,Full Block,Available,300,
BLK-0000112,2026-10-11,COR-04,SEC-08,Down,2026-10-11 00:00,2026-10-11 05:00,Full Block,Available,300,
BLK-0000113,2026-10-12,COR-01,SEC-02,Up,2026-10-12 00:00,2026-10-12 05:00,Full Block,Available,300,
BLK-0000114,2026-10-12,COR-01,SEC-01,Down,2026-10-12 00:00,2026-10-12 05:00,Full Block,Available,300,
BLK-0000115,2026-10-12,COR-02,SEC-03,Up,2026-10-12 00:00,2026-10-12 05:00,Full Block,Available,300,
BLK-0000116,2026-10-12,COR-02,SEC-03,Down,2026-10-12 00:00,2026-10-12 05:00,Power Block,Available,300,
BLK-0000117,2026-10-12,COR-03,SEC-06,Up,2026-10-12 00:00,2026-10-12 05:00,Power Block,Available,300,
BLK-0000118,2026-10-12,COR-03,SEC-05,Down,2026-10-12 00:00,2026-10-12 05:00,Full Block,Available,300,
BLK-0000119,2026-10-12,COR-04,SEC-07,Up,2026-10-12 00:00,2026-10-12 05:00,Power Block,Available,300,
BLK-0000120,2026-10-12,COR-04,SEC-07,Down,2026-10-12 00:00,2026-10-12 05:00,Power Block,Available,300,
BLK-0000121,2026-10-13,COR-01,SEC-01,Up,2026-10-13 00:00,2026-10-13 05:00,Full Block,Available,300,
BLK-0000122,2026-10-13,COR-01,SEC-01,Down,2026-10-13 00:00,2026-10-13 05:00,Full Block,Available,300,
BLK-0000123,2026-10-13,COR-02,SEC-04,Up,2026-10-13 00:00,2026-10-13 05:00,Power Block,Available,300,
BLK-0000124,2026-10-13,COR-02,SEC-03,Down,2026-10-13 00:00,2026-10-13 05:00,Full Block,Available,300,
BLK-0000125,2026-10-13,COR-03,SEC-05,Up,2026-10-13 00:00,2026-10-13 05:00,Full Block,Available,300,
BLK-0000126,2026-10-13,COR-03,SEC-05,Down,2026-10-13 00:00,2026-10-13 05:00,Full Block,Available,300,
BLK-0000127,2026-10-13,COR-04,SEC-08,Up,2026-10-13 00:00,2026-10-13 05:00,Full Block,Available,300,
BLK-0000128,2026-10-13,COR-04,SEC-08,Down,2026-10-13 00:00,2026-10-13 05:00,Power Block,Available,300,
BLK-0000129,2026-10-14,COR-01,SEC-01,Up,2026-10-14 00:00,2026-10-14 05:00,Power Block,Available,300,
BLK-0000130,2026-10-14,COR-01,SEC-02,Down,2026-10-14 00:00,2026-10-14 05:00,Power Block,Available,300,
BLK-0000131,2026-10-14,COR-02,SEC-04,Up,2026-10-14 00:00,2026-10-14 05:00,Full Block,Available,300,
BLK-0000132,2026-10-14,COR-02,SEC-03,Down,2026-10-14 00:00,2026-10-14 05:00,Full Block,Available,300,
BLK-0000133,2026-10-14,COR-03,SEC-06,Up,2026-10-14 00:00,2026-10-14 05:00,Full Block,Available,300,
BLK-0000134,2026-10-14,COR-03,SEC-05,Down,2026-10-14 00:00,2026-10-14 05:00,Full Block,Available,300,
BLK-0000135,2026-10-14,COR-04,SEC-08,Up,2026-10-14 00:00,2026-10-14 05:00,Power Block,Available,300,
BLK-0000136,2026-10-14,COR-04,SEC-08,Down,2026-10-14 00:00,2026-10-14 05:00,Power Block,Available,300,
BLK-0000137,2026-10-15,COR-01,SEC-01,Up,2026-10-15 00:00,2026-10-15 05:00,Power Block,Available,300,
BLK-0000138,2026-10-15,COR-01,SEC-01,Down,2026-10-15 00:00,2026-10-15 05:00,Full Block,Available,300,
BLK-0000139,2026-10-15,COR-02,SEC-04,Up,2026-10-15 00:00,2026-10-15 05:00,Full Block,Available,300,
BLK-0000140,2026-10-15,COR-02,SEC-04,Down,2026-10-15 00:00,2026-10-15 05:00,Full Block,Available,300,
BLK-0000141,2026-10-15,COR-03,SEC-06,Up,2026-10-15 00:00,2026-10-15 05:00,Power Block,Available,300,
BLK-0000142,2026-10-15,COR-03,SEC-05,Down,2026-10-15 00:00,2026-10-15 05:00,Full Block,Available,300,
BLK-0000143,2026-10-15,COR-04,SEC-07,Up,2026-10-15 00:00,2026-10-15 05:00,Power Block,Available,300,
BLK-0000144,2026-10-15,COR-04,SEC-08,Down,2026-10-15 00:00,2026-10-15 05:00,Full Block,Available,300,
BLK-0000145,2026-10-16,COR-01,SEC-02,Up,2026-10-16 00:00,2026-10-16 05:00,Power Block,Available,300,
BLK-0000146,2026-10-16,COR-01,SEC-01,Down,2026-10-16 00:00,2026-10-16 05:00,Full Block,Available,300,
BLK-0000147,2026-10-16,COR-02,SEC-03,Up,2026-10-16 00:00,2026-10-16 05:00,Power Block,Available,300,
BLK-0000148,2026-10-16,COR-02,SEC-04,Down,2026-10-16 00:00,2026-10-16 05:00,Power Block,Available,300,
BLK-0000149,2026-10-16,COR-03,SEC-06,Up,2026-10-16 00:00,2026-10-16 05:00,Full Block,Available,300,
BLK-0000150,2026-10-16,COR-03,SEC-05,Down,2026-10-16 00:00,2026-10-16 05:00,Full Block,Available,300,
BLK-0000151,2026-10-16,COR-04,SEC-08,Up,2026-10-16 00:00,2026-10-16 05:00,Full Block,Available,300,
BLK-0000152,2026-10-16,COR-04,SEC-07,Down,2026-10-16 00:00,2026-10-16 05:00,Power Block,Available,300,
BLK-0000153,2026-10-17,COR-01,SEC-02,Up,2026-10-17 00:00,2026-10-17 05:00,Full Block,Available,300,
BLK-0000154,2026-10-17,COR-01,SEC-01,Down,2026-10-17 00:00,2026-10-17 05:00,Power Block,Available,300,
BLK-0000155,2026-10-17,COR-02,SEC-03,Up,2026-10-17 00:00,2026-10-17 05:00,Full Block,Available,300,
BLK-0000156,2026-10-17,COR-02,SEC-03,Down,2026-10-17 00:00,2026-10-17 05:00,Full Block,Available,300,
BLK-0000157,2026-10-17,COR-03,SEC-05,Up,2026-10-17 00:00,2026-10-17 05:00,Full Block,Available,300,
BLK-0000158,2026-10-17,COR-03,SEC-06,Down,2026-10-17 00:00,2026-10-17 05:00,Power Block,Available,300,
BLK-0000159,2026-10-17,COR-04,SEC-08,Up,2026-10-17 00:00,2026-10-17 05:00,Full Block,Available,300,
BLK-0000160,2026-10-17,COR-04,SEC-08,Down,2026-10-17 00:00,2026-10-17 05:00,Power Block,Available,300,
BLK-0000161,2026-10-18,COR-01,SEC-02,Up,2026-10-18 00:00,2026-10-18 05:00,Full Block,Available,300,
BLK-0000162,2026-10-18,COR-01,SEC-02,Down,2026-10-18 00:00,2026-10-18 05:00,Full Block,Available,300,
BLK-0000163,2026-10-18,COR-02,SEC-04,Up,2026-10-18 00:00,2026-10-18 05:00,Full Block,Available,300,
BLK-0000164,2026-10-18,COR-02,SEC-04,Down,2026-10-18 00:00,2026-10-18 05:00,Full Block,Available,300,
BLK-0000165,2026-10-18,COR-03,SEC-06,Up,2026-10-18 00:00,2026-10-18 05:00,Power Block,Available,300,
BLK-0000166,2026-10-18,COR-03,SEC-06,Down,2026-10-18 00:00,2026-10-18 05:00,Power Block,Available,300,
BLK-0000167,2026-10-18,COR-04,SEC-08,Up,2026-10-18 00:00,2026-10-18 05:00,Full Block,Available,300,
BLK-0000168,2026-10-18,COR-04,SEC-08,Down,2026-10-18 00:00,2026-10-18 05:00,Full Block,Available,300,
BLK-0000169,2026-10-19,COR-01,SEC-02,Up,2026-10-19 00:00,2026-10-19 05:00,Full Block,Available,300,
BLK-0000170,2026-10-19,COR-01,SEC-01,Down,2026-10-19 00:00,2026-10-19 05:00,Full Block,Available,300,
BLK-0000171,2026-10-19,COR-02,SEC-04,Up,2026-10-19 00:00,2026-10-19 05:00,Full Block,Available,300,
BLK-0000172,2026-10-19,COR-02,SEC-04,Down,2026-10-19 00:00,2026-10-19 05:00,Full Block,Available,300,
BLK-0000173,2026-10-19,COR-03,SEC-05,Up,2026-10-19 00:00,2026-10-19 05:00,Full Block,Available,300,
BLK-0000174,2026-10-19,COR-03,SEC-06,Down,2026-10-19 00:00,2026-10-19 05:00,Power Block,Available,300,
BLK-0000175,2026-10-19,COR-04,SEC-08,Up,2026-10-19 00:00,2026-10-19 05:00,Power Block,Available,300,
BLK-0000176,2026-10-19,COR-04,SEC-07,Down,2026-10-19 00:00,2026-10-19 05:00,Full Block,Available,300,
BLK-0000177,2026-10-20,COR-01,SEC-02,Up,2026-10-20 00:00,2026-10-20 05:00,Power Block,Available,300,
BLK-0000178,2026-10-20,COR-01,SEC-02,Down,2026-10-20 00:00,2026-10-20 05:00,Power Block,Available,300,
BLK-0000179,2026-10-20,COR-02,SEC-04,Up,2026-10-20 00:00,2026-10-20 05:00,Power Block,Available,300,
BLK-0000180,2026-10-20,COR-02,SEC-04,Down,2026-10-20 00:00,2026-10-20 05:00,Full Block,Available,300,
BLK-0000181,2026-10-20,COR-03,SEC-05,Up,2026-10-20 00:00,2026-10-20 05:00,Full Block,Available,300,
BLK-0000182,2026-10-20,COR-03,SEC-06,Down,2026-10-20 00:00,2026-10-20 05:00,Full Block,Available,300,
BLK-0000183,2026-10-20,COR-04,SEC-08,Up,2026-10-20 00:00,2026-10-20 05:00,Power Block,Available,300,
BLK-0000184,2026-10-20,COR-04,SEC-07,Down,2026-10-20 00:00,2026-10-20 05:00,Full Block,Available,300,
BLK-0000185,2026-10-21,COR-01,SEC-01,Up,2026-10-21 00:00,2026-10-21 05:00,Full Block,Available,300,
BLK-0000186,2026-10-21,COR-01,SEC-02,Down,2026-10-21 00:00,2026-10-21 05:00,Full Block,Available,300,
BLK-0000187,2026-10-21,COR-02,SEC-04,Up,2026-10-21 00:00,2026-10-21 05:00,Full Block,Available,300,
BLK-0000188,2026-10-21,COR-02,SEC-03,Down,2026-10-21 00:00,2026-10-21 05:00,Full Block,Available,300,
BLK-0000189,2026-10-21,COR-03,SEC-06,Up,2026-10-21 00:00,2026-10-21 05:00,Full Block,Available,300,
BLK-0000190,2026-10-21,COR-03,SEC-06,Down,2026-10-21 00:00,2026-10-21 05:00,Full Block,Available,300,
BLK-0000191,2026-10-21,COR-04,SEC-08,Up,2026-10-21 00:00,2026-10-21 05:00,Power Block,Available,300,
BLK-0000192,2026-10-21,COR-04,SEC-08,Down,2026-10-21 00:00,2026-10-21 05:00,Full Block,Available,300,
BLK-0000193,2026-10-22,COR-01,SEC-02,Up,2026-10-22 00:00,2026-10-22 05:00,Full Block,Available,300,
BLK-0000194,2026-10-22,COR-01,SEC-01,Down,2026-10-22 00:00,2026-10-22 05:00,Full Block,Available,300,
BLK-0000195,2026-10-22,COR-02,SEC-03,Up,2026-10-22 00:00,2026-10-22 05:00,Full Block,Available,300,
BLK-0000196,2026-10-22,COR-02,SEC-04,Down,2026-10-22 00:00,2026-10-22 05:00,Power Block,Available,300,
BLK-0000197,2026-10-22,COR-03,SEC-05,Up,2026-10-22 00:00,2026-10-22 05:00,Full Block,Available,300,
BLK-0000198,2026-10-22,COR-03,SEC-06,Down,2026-10-22 00:00,2026-10-22 05:00,Power Block,Available,300,
BLK-0000199,2026-10-22,COR-04,SEC-08,Up,2026-10-22 00:00,2026-10-22 05:00,Power Block,Available,300,
BLK-0000200,2026-10-22,COR-04,SEC-07,Down,2026-10-22 00:00,2026-10-22 05:00,Full Block,Available,300,
BLK-0000201,2026-10-23,COR-01,SEC-02,Up,2026-10-23 00:00,2026-10-23 05:00,Full Block,Available,300,
BLK-0000202,2026-10-23,COR-01,SEC-01,Down,2026-10-23 00:00,2026-10-23 05:00,Full Block,Available,300,
BLK-0000203,2026-10-23,COR-02,SEC-03,Up,2026-10-23 00:00,2026-10-23 05:00,Power Block,Available,300,
BLK-0000204,2026-10-23,COR-02,SEC-04,Down,2026-10-23 00:00,2026-10-23 05:00,Power Block,Available,300,
BLK-0000205,2026-10-23,COR-03,SEC-05,Up,2026-10-23 00:00,2026-10-23 05:00,Full Block,Available,300,
BLK-0000206,2026-10-23,COR-03,SEC-05,Down,2026-10-23 00:00,2026-10-23 05:00,Full Block,Available,300,
BLK-0000207,2026-10-23,COR-04,SEC-08,Up,2026-10-23 00:00,2026-10-23 05:00,Full Block,Available,300,
BLK-0000208,2026-10-23,COR-04,SEC-07,Down,2026-10-23 00:00,2026-10-23 05:00,Full Block,Available,300,
BLK-0000209,2026-10-24,COR-01,SEC-02,Up,2026-10-24 00:00,2026-10-24 05:00,Full Block,Available,300,
BLK-0000210,2026-10-24,COR-01,SEC-02,Down,2026-10-24 00:00,2026-10-24 05:00,Full Block,Available,300,
BLK-0000211,2026-10-24,COR-02,SEC-03,Up,2026-10-24 00:00,2026-10-24 05:00,Full Block,Available,300,
BLK-0000212,2026-10-24,COR-02,SEC-04,Down,2026-10-24 00:00,2026-10-24 05:00,Full Block,Available,300,
BLK-0000213,2026-10-24,COR-03,SEC-06,Up,2026-10-24 00:00,2026-10-24 05:00,Full Block,Available,300,
BLK-0000214,2026-10-24,COR-03,SEC-06,Down,2026-10-24 00:00,2026-10-24 05:00,Full Block,Available,300,
BLK-0000215,2026-10-24,COR-04,SEC-08,Up,2026-10-24 00:00,2026-10-24 05:00,Full Block,Available,300,
BLK-0000216,2026-10-24,COR-04,SEC-08,Down,2026-10-24 00:00,2026-10-24 05:00,Full Block,Available,300,
BLK-0000217,2026-10-25,COR-01,SEC-01,Up,2026-10-25 00:00,2026-10-25 05:00,Full Block,Available,300,
BLK-0000218,2026-10-25,COR-01,SEC-02,Down,2026-10-25 00:00,2026-10-25 05:00,Full Block,Available,300,
BLK-0000219,2026-10-25,COR-02,SEC-03,Up,2026-10-25 00:00,2026-10-25 05:00,Full Block,Available,300,
BLK-0000220,2026-10-25,COR-02,SEC-04,Down,2026-10-25 00:00,2026-10-25 05:00,Full Block,Available,300,
BLK-0000221,2026-10-25,COR-03,SEC-05,Up,2026-10-25 00:00,2026-10-25 05:00,Power Block,Available,300,
BLK-0000222,2026-10-25,COR-03,SEC-06,Down,2026-10-25 00:00,2026-10-25 05:00,Power Block,Available,300,
BLK-0000223,2026-10-25,COR-04,SEC-08,Up,2026-10-25 00:00,2026-10-25 05:00,Full Block,Available,300,
BLK-0000224,2026-10-25,COR-04,SEC-07,Down,2026-10-25 00:00,2026-10-25 05:00,Full Block,Available,300,
BLK-0000225,2026-10-26,COR-01,SEC-01,Up,2026-10-26 00:00,2026-10-26 05:00,Full Block,Available,300,
BLK-0000226,2026-10-26,COR-01,SEC-01,Down,2026-10-26 00:00,2026-10-26 05:00,Power Block,Available,300,
BLK-0000227,2026-10-26,COR-02,SEC-04,Up,2026-10-26 00:00,2026-10-26 05:00,Full Block,Available,300,
BLK-0000228,2026-10-26,COR-02,SEC-04,Down,2026-10-26 00:00,2026-10-26 05:00,Full Block,Available,300,
BLK-0000229,2026-10-26,COR-03,SEC-06,Up,2026-10-26 00:00,2026-10-26 05:00,Power Block,Available,300,
BLK-0000230,2026-10-26,COR-03,SEC-06,Down,2026-10-26 00:00,2026-10-26 05:00,Power Block,Available,300,
BLK-0000231,2026-10-26,COR-04,SEC-08,Up,2026-10-26 00:00,2026-10-26 05:00,Full Block,Available,300,
BLK-0000232,2026-10-26,COR-04,SEC-07,Down,2026-10-26 00:00,2026-10-26 05:00,Power Block,Available,300,
BLK-0000233,2026-10-27,COR-01,SEC-02,Up,2026-10-27 00:00,2026-10-27 05:00,Full Block,Available,300,
BLK-0000234,2026-10-27,COR-01,SEC-01,Down,2026-10-27 00:00,2026-10-27 05:00,Full Block,Available,300,
BLK-0000235,2026-10-27,COR-02,SEC-04,Up,2026-10-27 00:00,2026-10-27 05:00,Full Block,Available,300,
BLK-0000236,2026-10-27,COR-02,SEC-04,Down,2026-10-27 00:00,2026-10-27 05:00,Power Block,Available,300,
BLK-0000237,2026-10-27,COR-03,SEC-05,Up,2026-10-27 00:00,2026-10-27 05:00,Full Block,Available,300,
BLK-0000238,2026-10-27,COR-03,SEC-06,Down,2026-10-27 00:00,2026-10-27 05:00,Full Block,Available,300,
BLK-0000239,2026-10-27,COR-04,SEC-08,Up,2026-10-27 00:00,2026-10-27 05:00,Full Block,Available,300,
BLK-0000240,2026-10-27,COR-04,SEC-08,Down,2026-10-27 00:00,2026-10-27 05:00,Full Block,Available,300,
BLK-0000241,2026-10-28,COR-01,SEC-02,Up,2026-10-28 00:00,2026-10-28 05:00,Full Block,Available,300,
BLK-0000242,2026-10-28,COR-01,SEC-01,Down,2026-10-28 00:00,2026-10-28 05:00,Full Block,Available,300,
BLK-0000243,2026-10-28,COR-02,SEC-03,Up,2026-10-28 00:00,2026-10-28 05:00,Full Block,Available,300,
BLK-0000244,2026-10-28,COR-02,SEC-03,Down,2026-10-28 00:00,2026-10-28 05:00,Full Block,Available,300,
BLK-0000245,2026-10-28,COR-03,SEC-05,Up,2026-10-28 00:00,2026-10-28 05:00,Power Block,Available,300,
BLK-0000246,2026-10-28,COR-03,SEC-06,Down,2026-10-28 00:00,2026-10-28 05:00,Power Block,Available,300,
BLK-0000247,2026-10-28,COR-04,SEC-07,Up,2026-10-28 00:00,2026-10-28 05:00,Full Block,Available,300,
BLK-0000248,2026-10-28,COR-04,SEC-07,Down,2026-10-28 00:00,2026-10-28 05:00,Power Block,Available,300,
BLK-0000249,2026-10-29,COR-01,SEC-01,Up,2026-10-29 00:00,2026-10-29 05:00,Full Block,Available,300,
BLK-0000250,2026-10-29,COR-01,SEC-02,Down,2026-10-29 00:00,2026-10-29 05:00,Full Block,Available,300,
BLK-0000251,2026-10-29,COR-02,SEC-03,Up,2026-10-29 00:00,2026-10-29 05:00,Full Block,Available,300,
BLK-0000252,2026-10-29,COR-02,SEC-04,Down,2026-10-29 00:00,2026-10-29 05:00,Power Block,Available,300,
BLK-0000253,2026-10-29,COR-03,SEC-05,Up,2026-10-29 00:00,2026-10-29 05:00,Full Block,Available,300,
BLK-0000254,2026-10-29,COR-03,SEC-05,Down,2026-10-29 00:00,2026-10-29 05:00,Power Block,Available,300,
BLK-0000255,2026-10-29,COR-04,SEC-08,Up,2026-10-29 00:00,2026-10-29 05:00,Full Block,Available,300,
BLK-0000256,2026-10-29,COR-04,SEC-07,Down,2026-10-29 00:00,2026-10-29 05:00,Full Block,Available,300,
BLK-0000257,2026-10-30,COR-01,SEC-01,Up,2026-10-30 00:00,2026-10-30 05:00,Full Block,Available,300,
BLK-0000258,2026-10-30,COR-01,SEC-01,Down,2026-10-30 00:00,2026-10-30 05:00,Full Block,Available,300,
BLK-0000259,2026-10-30,COR-02,SEC-03,Up,2026-10-30 00:00,2026-10-30 05:00,Full Block,Available,300,
BLK-0000260,2026-10-30,COR-02,SEC-03,Down,2026-10-30 00:00,2026-10-30 05:00,Power Block,Available,300,
BLK-0000261,2026-10-30,COR-03,SEC-06,Up,2026-10-30 00:00,2026-10-30 05:00,Power Block,Available,300,
BLK-0000262,2026-10-30,COR-03,SEC-06,Down,2026-10-30 00:00,2026-10-30 05:00,Full Block,Available,300,
BLK-0000263,2026-10-30,COR-04,SEC-08,Up,2026-10-30 00:00,2026-10-30 05:00,Full Block,Available,300,
BLK-0000264,2026-10-30,COR-04,SEC-08,Down,2026-10-30 00:00,2026-10-30 05:00,Power Block,Available,300,
BLK-0000265,2026-10-31,COR-01,SEC-01,Up,2026-10-31 00:00,2026-10-31 05:00,Power Block,Available,300,
BLK-0000266,2026-10-31,COR-01,SEC-01,Down,2026-10-31 00:00,2026-10-31 05:00,Power Block,Available,300,
BLK-0000267,2026-10-31,COR-02,SEC-03,Up,2026-10-31 00:00,2026-10-31 05:00,Full Block,Available,300,
BLK-0000268,2026-10-31,COR-02,SEC-04,Down,2026-10-31 00:00,2026-10-31 05:00,Power Block,Available,300,
BLK-0000269,2026-10-31,COR-03,SEC-06,Up,2026-10-31 00:00,2026-10-31 05:00,Full Block,Available,300,
BLK-0000270,2026-10-31,COR-03,SEC-05,Down,2026-10-31 00:00,2026-10-31 05:00,Power Block,Available,300,
BLK-0000271,2026-10-31,COR-04,SEC-07,Up,2026-10-31 00:00,2026-10-31 05:00,Full Block,Available,300,
BLK-0000272,2026-10-31,COR-04,SEC-07,Down,2026-10-31 00:00,2026-10-31 05:00,Power Block,Available,300,
BLK-0000273,2026-11-01,COR-01,SEC-02,Up,2026-11-01 00:00,2026-11-01 05:00,Full Block,Available,300,
BLK-0000274,2026-11-01,COR-01,SEC-01,Down,2026-11-01 00:00,2026-11-01 05:00,Power Block,Available,300,
BLK-0000275,2026-11-01,COR-02,SEC-03,Up,2026-11-01 00:00,2026-11-01 05:00,Full Block,Available,300,
BLK-0000276,2026-11-01,COR-02,SEC-04,Down,2026-11-01 00:00,2026-11-01 05:00,Full Block,Available,300,
BLK-0000277,2026-11-01,COR-03,SEC-05,Up,2026-11-01 00:00,2026-11-01 05:00,Power Block,Available,300,
BLK-0000278,2026-11-01,COR-03,SEC-05,Down,2026-11-01 00:00,2026-11-01 05:00,Full Block,Available,300,
BLK-0000279,2026-11-01,COR-04,SEC-07,Up,2026-11-01 00:00,2026-11-01 05:00,Power Block,Available,300,
BLK-0000280,2026-11-01,COR-04,SEC-07,Down,2026-11-01 00:00,2026-11-01 05:00,Full Block,Available,300,
BLK-0000281,2026-11-02,COR-01,SEC-02,Up,2026-11-02 00:00,2026-11-02 05:00,Full Block,Available,300,
BLK-0000282,2026-11-02,COR-01,SEC-02,Down,2026-11-02 00:00,2026-11-02 05:00,Power Block,Available,300,
BLK-0000283,2026-11-02,COR-02,SEC-03,Up,2026-11-02 00:00,2026-11-02 05:00,Full Block,Available,300,
BLK-0000284,2026-11-02,COR-02,SEC-03,Down,2026-11-02 00:00,2026-11-02 05:00,Power Block,Available,300,
BLK-0000285,2026-11-02,COR-03,SEC-05,Up,2026-11-02 00:00,2026-11-02 05:00,Full Block,Available,300,
BLK-0000286,2026-11-02,COR-03,SEC-06,Down,2026-11-02 00:00,2026-11-02 05:00,Full Block,Available,300,
BLK-0000287,2026-11-02,COR-04,SEC-07,Up,2026-11-02 00:00,2026-11-02 05:00,Full Block,Available,300,
BLK-0000288,2026-11-02,COR-04,SEC-07,Down,2026-11-02 00:00,2026-11-02 05:00,Power Block,Available,300,
BLK-0000289,2026-11-03,COR-01,SEC-02,Up,2026-11-03 00:00,2026-11-03 05:00,Full Block,Available,300,
BLK-0000290,2026-11-03,COR-01,SEC-01,Down,2026-11-03 00:00,2026-11-03 05:00,Power Block,Available,300,
BLK-0000291,2026-11-03,COR-02,SEC-03,Up,2026-11-03 00:00,2026-11-03 05:00,Full Block,Available,300,
BLK-0000292,2026-11-03,COR-02,SEC-03,Down,2026-11-03 00:00,2026-11-03 05:00,Power Block,Available,300,
BLK-0000293,2026-11-03,COR-03,SEC-06,Up,2026-11-03 00:00,2026-11-03 05:00,Power Block,Available,300,
BLK-0000294,2026-11-03,COR-03,SEC-05,Down,2026-11-03 00:00,2026-11-03 05:00,Power Block,Available,300,
BLK-0000295,2026-11-03,COR-04,SEC-07,Up,2026-11-03 00:00,2026-11-03 05:00,Full Block,Available,300,
BLK-0000296,2026-11-03,COR-04,SEC-07,Down,2026-11-03 00:00,2026-11-03 05:00,Power Block,Available,300,
BLK-0000297,2026-11-04,COR-01,SEC-02,Up,2026-11-04 00:00,2026-11-04 05:00,Full Block,Available,300,
BLK-0000298,2026-11-04,COR-01,SEC-02,Down,2026-11-04 00:00,2026-11-04 05:00,Full Block,Available,300,
BLK-0000299,2026-11-04,COR-02,SEC-04,Up,2026-11-04 00:00,2026-11-04 05:00,Power Block,Available,300,
BLK-0000300,2026-11-04,COR-02,SEC-04,Down,2026-11-04 00:00,2026-11-04 05:00,Power Block,Available,300,
BLK-0000301,2026-11-04,COR-03,SEC-05,Up,2026-11-04 00:00,2026-11-04 05:00,Power Block,Available,300,
BLK-0000302,2026-11-04,COR-03,SEC-05,Down,2026-11-04 00:00,2026-11-04 05:00,Power Block,Available,300,
BLK-0000303,2026-11-04,COR-04,SEC-07,Up,2026-11-04 00:00,2026-11-04 05:00,Full Block,Available,300,
BLK-0000304,2026-11-04,COR-04,SEC-07,Down,2026-11-04 00:00,2026-11-04 05:00,Full Block,Available,300,
BLK-0000305,2026-11-05,COR-01,SEC-02,Up,2026-11-05 00:00,2026-11-05 05:00,Power Block,Available,300,
BLK-0000306,2026-11-05,COR-01,SEC-02,Down,2026-11-05 00:00,2026-11-05 05:00,Power Block,Available,300,
BLK-0000307,2026-11-05,COR-02,SEC-04,Up,2026-11-05 00:00,2026-11-05 05:00,Full Block,Available,300,
BLK-0000308,2026-11-05,COR-02,SEC-03,Down,2026-11-05 00:00,2026-11-05 05:00,Power Block,Available,300,
BLK-0000309,2026-11-05,COR-03,SEC-06,Up,2026-11-05 00:00,2026-11-05 05:00,Full Block,Available,300,
BLK-0000310,2026-11-05,COR-03,SEC-06,Down,2026-11-05 00:00,2026-11-05 05:00,Full Block,Available,300,
BLK-0000311,2026-11-05,COR-04,SEC-07,Up,2026-11-05 00:00,2026-11-05 05:00,Power Block,Available,300,
BLK-0000312,2026-11-05,COR-04,SEC-08,Down,2026-11-05 00:00,2026-11-05 05:00,Full Block,Available,300,
BLK-0000313,2026-11-06,COR-01,SEC-01,Up,2026-11-06 00:00,2026-11-06 05:00,Full Block,Available,300,
BLK-0000314,2026-11-06,COR-01,SEC-02,Down,2026-11-06 00:00,2026-11-06 05:00,Full Block,Available,300,
BLK-0000315,2026-11-06,COR-02,SEC-04,Up,2026-11-06 00:00,2026-11-06 05:00,Full Block,Available,300,
BLK-0000316,2026-11-06,COR-02,SEC-04,Down,2026-11-06 00:00,2026-11-06 05:00,Full Block,Available,300,
BLK-0000317,2026-11-06,COR-03,SEC-06,Up,2026-11-06 00:00,2026-11-06 05:00,Full Block,Available,300,
BLK-0000318,2026-11-06,COR-03,SEC-05,Down,2026-11-06 00:00,2026-11-06 05:00,Full Block,Available,300,
BLK-0000319,2026-11-06,COR-04,SEC-08,Up,2026-11-06 00:00,2026-11-06 05:00,Full Block,Available,300,
BLK-0000320,2026-11-06,COR-04,SEC-08,Down,2026-11-06 00:00,2026-11-06 05:00,Full Block,Available,300,
BLK-0000321,2026-11-07,COR-01,SEC-02,Up,2026-11-07 00:00,2026-11-07 05:00,Full Block,Available,300,
BLK-0000322,2026-11-07,COR-01,SEC-01,Down,2026-11-07 00:00,2026-11-07 05:00,Full Block,Available,300,
BLK-0000323,2026-11-07,COR-02,SEC-04,Up,2026-11-07 00:00,2026-11-07 05:00,Full Block,Available,300,
BLK-0000324,2026-11-07,COR-02,SEC-03,Down,2026-11-07 00:00,2026-11-07 05:00,Power Block,Available,300,
BLK-0000325,2026-11-07,COR-03,SEC-05,Up,2026-11-07 00:00,2026-11-07 05:00,Power Block,Available,300,
BLK-0000326,2026-11-07,COR-03,SEC-06,Down,2026-11-07 00:00,2026-11-07 05:00,Power Block,Available,300,
BLK-0000327,2026-11-07,COR-04,SEC-07,Up,2026-11-07 00:00,2026-11-07 05:00,Power Block,Available,300,
BLK-0000328,2026-11-07,COR-04,SEC-08,Down,2026-11-07 00:00,2026-11-07 05:00,Full Block,Available,300,
BLK-0000329,2026-11-08,COR-01,SEC-01,Up,2026-11-08 00:00,2026-11-08 05:00,Power Block,Available,300,
BLK-0000330,2026-11-08,COR-01,SEC-01,Down,2026-11-08 00:00,2026-11-08 05:00,Full Block,Available,300,
BLK-0000331,2026-11-08,COR-02,SEC-04,Up,2026-11-08 00:00,2026-11-08 05:00,Full Block,Available,300,
BLK-0000332,2026-11-08,COR-02,SEC-04,Down,2026-11-08 00:00,2026-11-08 05:00,Power Block,Available,300,
BLK-0000333,2026-11-08,COR-03,SEC-06,Up,2026-11-08 00:00,2026-11-08 05:00,Power Block,Available,300,
BLK-0000334,2026-11-08,COR-03,SEC-06,Down,2026-11-08 00:00,2026-11-08 05:00,Full Block,Available,300,
BLK-0000335,2026-11-08,COR-04,SEC-07,Up,2026-11-08 00:00,2026-11-08 05:00,Full Block,Available,300,
BLK-0000336,2026-11-08,COR-04,SEC-08,Down,2026-11-08 00:00,2026-11-08 05:00,Full Block,Available,300,
BLK-0000337,2026-11-09,COR-01,SEC-01,Up,2026-11-09 00:00,2026-11-09 05:00,Power Block,Available,300,
BLK-0000338,2026-11-09,COR-01,SEC-02,Down,2026-11-09 00:00,2026-11-09 05:00,Power Block,Available,300,
BLK-0000339,2026-11-09,COR-02,SEC-04,Up,2026-11-09 00:00,2026-11-09 05:00,Power Block,Available,300,
BLK-0000340,2026-11-09,COR-02,SEC-03,Down,2026-11-09 00:00,2026-11-09 05:00,Power Block,Available,300,
BLK-0000341,2026-11-09,COR-03,SEC-05,Up,2026-11-09 00:00,2026-11-09 05:00,Full Block,Available,300,
BLK-0000342,2026-11-09,COR-03,SEC-05,Down,2026-11-09 00:00,2026-11-09 05:00,Power Block,Available,300,
BLK-0000343,2026-11-09,COR-04,SEC-08,Up,2026-11-09 00:00,2026-11-09 05:00,Power Block,Available,300,
BLK-0000344,2026-11-09,COR-04,SEC-07,Down,2026-11-09 00:00,2026-11-09 05:00,Full Block,Available,300,
BLK-0000345,2026-11-10,COR-01,SEC-02,Up,2026-11-10 00:00,2026-11-10 05:00,Full Block,Available,300,
BLK-0000346,2026-11-10,COR-01,SEC-02,Down,2026-11-10 00:00,2026-11-10 05:00,Full Block,Available,300,
BLK-0000347,2026-11-10,COR-02,SEC-04,Up,2026-11-10 00:00,2026-11-10 05:00,Full Block,Available,300,
BLK-0000348,2026-11-10,COR-02,SEC-04,Down,2026-11-10 00:00,2026-11-10 05:00,Full Block,Available,300,
BLK-0000349,2026-11-10,COR-03,SEC-05,Up,2026-11-10 00:00,2026-11-10 05:00,Power Block,Available,300,
BLK-0000350,2026-11-10,COR-03,SEC-06,Down,2026-11-10 00:00,2026-11-10 05:00,Power Block,Available,300,
BLK-0000351,2026-11-10,COR-04,SEC-08,Up,2026-11-10 00:00,2026-11-10 05:00,Full Block,Available,300,
BLK-0000352,2026-11-10,COR-04,SEC-08,Down,2026-11-10 00:00,2026-11-10 05:00,Full Block,Available,300,
BLK-0000353,2026-11-11,COR-01,SEC-02,Up,2026-11-11 00:00,2026-11-11 05:00,Full Block,Available,300,
BLK-0000354,2026-11-11,COR-01,SEC-01,Down,2026-11-11 00:00,2026-11-11 05:00,Power Block,Available,300,
BLK-0000355,2026-11-11,COR-02,SEC-04,Up,2026-11-11 00:00,2026-11-11 05:00,Full Block,Available,300,
BLK-0000356,2026-11-11,COR-02,SEC-04,Down,2026-11-11 00:00,2026-11-11 05:00,Power Block,Available,300,
BLK-0000357,2026-11-11,COR-03,SEC-06,Up,2026-11-11 00:00,2026-11-11 05:00,Full Block,Available,300,
BLK-0000358,2026-11-11,COR-03,SEC-05,Down,2026-11-11 00:00,2026-11-11 05:00,Full Block,Available,300,
BLK-0000359,2026-11-11,COR-04,SEC-08,Up,2026-11-11 00:00,2026-11-11 05:00,Power Block,Available,300,
BLK-0000360,2026-11-11,COR-04,SEC-08,Down,2026-11-11 00:00,2026-11-11 05:00,Power Block,Available,300,
BLK-0000361,2026-11-12,COR-01,SEC-02,Up,2026-11-12 00:00,2026-11-12 05:00,Full Block,Available,300,
BLK-0000362,2026-11-12,COR-01,SEC-02,Down,2026-11-12 00:00,2026-11-12 05:00,Full Block,Available,300,
BLK-0000363,2026-11-12,COR-02,SEC-03,Up,2026-11-12 00:00,2026-11-12 05:00,Power Block,Available,300,
BLK-0000364,2026-11-12,COR-02,SEC-03,Down,2026-11-12 00:00,2026-11-12 05:00,Full Block,Available,300,
BLK-0000365,2026-11-12,COR-03,SEC-05,Up,2026-11-12 00:00,2026-11-12 05:00,Power Block,Available,300,
BLK-0000366,2026-11-12,COR-03,SEC-05,Down,2026-11-12 00:00,2026-11-12 05:00,Full Block,Available,300,
BLK-0000367,2026-11-12,COR-04,SEC-07,Up,2026-11-12 00:00,2026-11-12 05:00,Power Block,Available,300,
BLK-0000368,2026-11-12,COR-04,SEC-08,Down,2026-11-12 00:00,2026-11-12 05:00,Full Block,Available,300,
BLK-0000369,2026-11-13,COR-01,SEC-02,Up,2026-11-13 00:00,2026-11-13 05:00,Power Block,Available,300,
BLK-0000370,2026-11-13,COR-01,SEC-01,Down,2026-11-13 00:00,2026-11-13 05:00,Full Block,Available,300,
BLK-0000371,2026-11-13,COR-02,SEC-03,Up,2026-11-13 00:00,2026-11-13 05:00,Power Block,Available,300,
BLK-0000372,2026-11-13,COR-02,SEC-03,Down,2026-11-13 00:00,2026-11-13 05:00,Full Block,Available,300,
BLK-0000373,2026-11-13,COR-03,SEC-05,Up,2026-11-13 00:00,2026-11-13 05:00,Full Block,Available,300,
BLK-0000374,2026-11-13,COR-03,SEC-05,Down,2026-11-13 00:00,2026-11-13 05:00,Power Block,Available,300,
BLK-0000375,2026-11-13,COR-04,SEC-07,Up,2026-11-13 00:00,2026-11-13 05:00,Power Block,Available,300,
BLK-0000376,2026-11-13,COR-04,SEC-08,Down,2026-11-13 00:00,2026-11-13 05:00,Full Block,Available,300,
BLK-0000377,2026-11-14,COR-01,SEC-01,Up,2026-11-14 00:00,2026-11-14 05:00,Full Block,Available,300,
BLK-0000378,2026-11-14,COR-01,SEC-02,Down,2026-11-14 00:00,2026-11-14 05:00,Full Block,Available,300,
BLK-0000379,2026-11-14,COR-02,SEC-04,Up,2026-11-14 00:00,2026-11-14 05:00,Full Block,Available,300,
BLK-0000380,2026-11-14,COR-02,SEC-03,Down,2026-11-14 00:00,2026-11-14 05:00,Full Block,Available,300,
BLK-0000381,2026-11-14,COR-03,SEC-06,Up,2026-11-14 00:00,2026-11-14 05:00,Full Block,Available,300,
BLK-0000382,2026-11-14,COR-03,SEC-05,Down,2026-11-14 00:00,2026-11-14 05:00,Full Block,Available,300,
BLK-0000383,2026-11-14,COR-04,SEC-08,Up,2026-11-14 00:00,2026-11-14 05:00,Power Block,Available,300,
BLK-0000384,2026-11-14,COR-04,SEC-08,Down,2026-11-14 00:00,2026-11-14 05:00,Power Block,Available,300,
BLK-0000385,2026-11-15,COR-01,SEC-01,Up,2026-11-15 00:00,2026-11-15 05:00,Power Block,Available,300,
BLK-0000386,2026-11-15,COR-01,SEC-01,Down,2026-11-15 00:00,2026-11-15 05:00,Full Block,Available,300,
BLK-0000387,2026-11-15,COR-02,SEC-04,Up,2026-11-15 00:00,2026-11-15 05:00,Power Block,Available,300,
BLK-0000388,2026-11-15,COR-02,SEC-04,Down,2026-11-15 00:00,2026-11-15 05:00,Full Block,Available,300,
BLK-0000389,2026-11-15,COR-03,SEC-05,Up,2026-11-15 00:00,2026-11-15 05:00,Power Block,Available,300,
BLK-0000390,2026-11-15,COR-03,SEC-05,Down,2026-11-15 00:00,2026-11-15 05:00,Full Block,Available,300,
BLK-0000391,2026-11-15,COR-04,SEC-07,Up,2026-11-15 00:00,2026-11-15 05:00,Power Block,Available,300,
BLK-0000392,2026-11-15,COR-04,SEC-07,Down,2026-11-15 00:00,2026-11-15 05:00,Full Block,Available,300,
BLK-0000393,2026-11-16,COR-01,SEC-01,Up,2026-11-16 00:00,2026-11-16 05:00,Power Block,Available,300,
BLK-0000394,2026-11-16,COR-01,SEC-01,Down,2026-11-16 00:00,2026-11-16 05:00,Power Block,Available,300,
BLK-0000395,2026-11-16,COR-02,SEC-04,Up,2026-11-16 00:00,2026-11-16 05:00,Power Block,Available,300,
BLK-0000396,2026-11-16,COR-02,SEC-04,Down,2026-11-16 00:00,2026-11-16 05:00,Full Block,Available,300,
BLK-0000397,2026-11-16,COR-03,SEC-06,Up,2026-11-16 00:00,2026-11-16 05:00,Full Block,Available,300,
BLK-0000398,2026-11-16,COR-03,SEC-05,Down,2026-11-16 00:00,2026-11-16 05:00,Power Block,Available,300,
BLK-0000399,2026-11-16,COR-04,SEC-07,Up,2026-11-16 00:00,2026-11-16 05:00,Full Block,Available,300,
BLK-0000400,2026-11-16,COR-04,SEC-07,Down,2026-11-16 00:00,2026-11-16 05:00,Full Block,Available,300,
BLK-0000401,2026-11-17,COR-01,SEC-01,Up,2026-11-17 00:00,2026-11-17 05:00,Full Block,Available,300,
BLK-0000402,2026-11-17,COR-01,SEC-01,Down,2026-11-17 00:00,2026-11-17 05:00,Full Block,Available,300,
BLK-0000403,2026-11-17,COR-02,SEC-03,Up,2026-11-17 00:00,2026-11-17 05:00,Power Block,Available,300,
BLK-0000404,2026-11-17,COR-02,SEC-03,Down,2026-11-17 00:00,2026-11-17 05:00,Full Block,Available,300,
BLK-0000405,2026-11-17,COR-03,SEC-06,Up,2026-11-17 00:00,2026-11-17 05:00,Full Block,Available,300,
BLK-0000406,2026-11-17,COR-03,SEC-05,Down,2026-11-17 00:00,2026-11-17 05:00,Full Block,Available,300,
BLK-0000407,2026-11-17,COR-04,SEC-07,Up,2026-11-17 00:00,2026-11-17 05:00,Power Block,Available,300,
BLK-0000408,2026-11-17,COR-04,SEC-08,Down,2026-11-17 00:00,2026-11-17 05:00,Full Block,Available,300,
BLK-0000409,2026-11-18,COR-01,SEC-02,Up,2026-11-18 00:00,2026-11-18 05:00,Power Block,Available,300,
BLK-0000410,2026-11-18,COR-01,SEC-01,Down,2026-11-18 00:00,2026-11-18 05:00,Full Block,Available,300,
BLK-0000411,2026-11-18,COR-02,SEC-03,Up,2026-11-18 00:00,2026-11-18 05:00,Power Block,Available,300,
BLK-0000412,2026-11-18,COR-02,SEC-03,Down,2026-11-18 00:00,2026-11-18 05:00,Power Block,Available,300,
BLK-0000413,2026-11-18,COR-03,SEC-05,Up,2026-11-18 00:00,2026-11-18 05:00,Full Block,Available,300,
BLK-0000414,2026-11-18,COR-03,SEC-05,Down,2026-11-18 00:00,2026-11-18 05:00,Full Block,Available,300,
BLK-0000415,2026-11-18,COR-04,SEC-08,Up,2026-11-18 00:00,2026-11-18 05:00,Power Block,Available,300,
BLK-0000416,2026-11-18,COR-04,SEC-07,Down,2026-11-18 00:00,2026-11-18 05:00,Full Block,Available,300,
BLK-0000417,2026-11-19,COR-01,SEC-02,Up,2026-11-19 00:00,2026-11-19 05:00,Full Block,Available,300,
BLK-0000418,2026-11-19,COR-01,SEC-01,Down,2026-11-19 00:00,2026-11-19 05:00,Full Block,Available,300,
BLK-0000419,2026-11-19,COR-02,SEC-03,Up,2026-11-19 00:00,2026-11-19 05:00,Full Block,Available,300,
BLK-0000420,2026-11-19,COR-02,SEC-04,Down,2026-11-19 00:00,2026-11-19 05:00,Power Block,Available,300,
BLK-0000421,2026-11-19,COR-03,SEC-05,Up,2026-11-19 00:00,2026-11-19 05:00,Power Block,Available,300,
BLK-0000422,2026-11-19,COR-03,SEC-05,Down,2026-11-19 00:00,2026-11-19 05:00,Full Block,Available,300,
BLK-0000423,2026-11-19,COR-04,SEC-07,Up,2026-11-19 00:00,2026-11-19 05:00,Power Block,Available,300,
BLK-0000424,2026-11-19,COR-04,SEC-08,Down,2026-11-19 00:00,2026-11-19 05:00,Full Block,Available,300,
BLK-0000425,2026-11-20,COR-01,SEC-01,Up,2026-11-20 00:00,2026-11-20 05:00,Full Block,Available,300,
BLK-0000426,2026-11-20,COR-01,SEC-01,Down,2026-11-20 00:00,2026-11-20 05:00,Full Block,Available,300,
BLK-0000427,2026-11-20,COR-02,SEC-03,Up,2026-11-20 00:00,2026-11-20 05:00,Power Block,Available,300,
BLK-0000428,2026-11-20,COR-02,SEC-04,Down,2026-11-20 00:00,2026-11-20 05:00,Full Block,Available,300,
BLK-0000429,2026-11-20,COR-03,SEC-06,Up,2026-11-20 00:00,2026-11-20 05:00,Full Block,Available,300,
BLK-0000430,2026-11-20,COR-03,SEC-06,Down,2026-11-20 00:00,2026-11-20 05:00,Power Block,Available,300,
BLK-0000431,2026-11-20,COR-04,SEC-07,Up,2026-11-20 00:00,2026-11-20 05:00,Power Block,Available,300,
BLK-0000432,2026-11-20,COR-04,SEC-08,Down,2026-11-20 00:00,2026-11-20 05:00,Power Block,Available,300,
BLK-0000433,2026-11-21,COR-01,SEC-01,Up,2026-11-21 00:00,2026-11-21 05:00,Full Block,Available,300,
BLK-0000434,2026-11-21,COR-01,SEC-01,Down,2026-11-21 00:00,2026-11-21 05:00,Full Block,Available,300,
BLK-0000435,2026-11-21,COR-02,SEC-03,Up,2026-11-21 00:00,2026-11-21 05:00,Full Block,Available,300,
BLK-0000436,2026-11-21,COR-02,SEC-03,Down,2026-11-21 00:00,2026-11-21 05:00,Power Block,Available,300,
BLK-0000437,2026-11-21,COR-03,SEC-05,Up,2026-11-21 00:00,2026-11-21 05:00,Full Block,Available,300,
BLK-0000438,2026-11-21,COR-03,SEC-05,Down,2026-11-21 00:00,2026-11-21 05:00,Power Block,Available,300,
BLK-0000439,2026-11-21,COR-04,SEC-08,Up,2026-11-21 00:00,2026-11-21 05:00,Power Block,Available,300,
BLK-0000440,2026-11-21,COR-04,SEC-07,Down,2026-11-21 00:00,2026-11-21 05:00,Power Block,Available,300,
BLK-0000441,2026-11-22,COR-01,SEC-01,Up,2026-11-22 00:00,2026-11-22 05:00,Full Block,Available,300,
BLK-0000442,2026-11-22,COR-01,SEC-02,Down,2026-11-22 00:00,2026-11-22 05:00,Full Block,Available,300,
BLK-0000443,2026-11-22,COR-02,SEC-04,Up,2026-11-22 00:00,2026-11-22 05:00,Full Block,Available,300,
BLK-0000444,2026-11-22,COR-02,SEC-04,Down,2026-11-22 00:00,2026-11-22 05:00,Full Block,Available,300,
BLK-0000445,2026-11-22,COR-03,SEC-06,Up,2026-11-22 00:00,2026-11-22 05:00,Power Block,Available,300,
BLK-0000446,2026-11-22,COR-03,SEC-06,Down,2026-11-22 00:00,2026-11-22 05:00,Full Block,Available,300,
BLK-0000447,2026-11-22,COR-04,SEC-08,Up,2026-11-22 00:00,2026-11-22 05:00,Power Block,Available,300,
BLK-0000448,2026-11-22,COR-04,SEC-08,Down,2026-11-22 00:00,2026-11-22 05:00,Full Block,Available,300,
BLK-0000449,2026-11-23,COR-01,SEC-02,Up,2026-11-23 00:00,2026-11-23 05:00,Full Block,Available,300,
BLK-0000450,2026-11-23,COR-01,SEC-02,Down,2026-11-23 00:00,2026-11-23 05:00,Power Block,Available,300,
BLK-0000451,2026-11-23,COR-02,SEC-04,Up,2026-11-23 00:00,2026-11-23 05:00,Power Block,Available,300,
BLK-0000452,2026-11-23,COR-02,SEC-03,Down,2026-11-23 00:00,2026-11-23 05:00,Power Block,Available,300,
BLK-0000453,2026-11-23,COR-03,SEC-06,Up,2026-11-23 00:00,2026-11-23 05:00,Power Block,Available,300,
BLK-0000454,2026-11-23,COR-03,SEC-05,Down,2026-11-23 00:00,2026-11-23 05:00,Full Block,Available,300,
BLK-0000455,2026-11-23,COR-04,SEC-07,Up,2026-11-23 00:00,2026-11-23 05:00,Power Block,Available,300,
BLK-0000456,2026-11-23,COR-04,SEC-07,Down,2026-11-23 00:00,2026-11-23 05:00,Full Block,Available,300,
BLK-0000457,2026-11-24,COR-01,SEC-01,Up,2026-11-24 00:00,2026-11-24 05:00,Full Block,Available,300,
BLK-0000458,2026-11-24,COR-01,SEC-02,Down,2026-11-24 00:00,2026-11-24 05:00,Full Block,Available,300,
BLK-0000459,2026-11-24,COR-02,SEC-04,Up,2026-11-24 00:00,2026-11-24 05:00,Full Block,Available,300,
BLK-0000460,2026-11-24,COR-02,SEC-03,Down,2026-11-24 00:00,2026-11-24 05:00,Full Block,Available,300,
BLK-0000461,2026-11-24,COR-03,SEC-06,Up,2026-11-24 00:00,2026-11-24 05:00,Power Block,Available,300,
BLK-0000462,2026-11-24,COR-03,SEC-06,Down,2026-11-24 00:00,2026-11-24 05:00,Power Block,Available,300,
BLK-0000463,2026-11-24,COR-04,SEC-08,Up,2026-11-24 00:00,2026-11-24 05:00,Full Block,Available,300,
BLK-0000464,2026-11-24,COR-04,SEC-08,Down,2026-11-24 00:00,2026-11-24 05:00,Full Block,Available,300,
BLK-0000465,2026-11-25,COR-01,SEC-02,Up,2026-11-25 00:00,2026-11-25 05:00,Full Block,Available,300,
BLK-0000466,2026-11-25,COR-01,SEC-01,Down,2026-11-25 00:00,2026-11-25 05:00,Power Block,Available,300,
BLK-0000467,2026-11-25,COR-02,SEC-04,Up,2026-11-25 00:00,2026-11-25 05:00,Full Block,Available,300,
BLK-0000468,2026-11-25,COR-02,SEC-04,Down,2026-11-25 00:00,2026-11-25 05:00,Full Block,Available,300,
BLK-0000469,2026-11-25,COR-03,SEC-05,Up,2026-11-25 00:00,2026-11-25 05:00,Full Block,Available,300,
BLK-0000470,2026-11-25,COR-03,SEC-05,Down,2026-11-25 00:00,2026-11-25 05:00,Power Block,Available,300,
BLK-0000471,2026-11-25,COR-04,SEC-07,Up,2026-11-25 00:00,2026-11-25 05:00,Power Block,Available,300,
BLK-0000472,2026-11-25,COR-04,SEC-08,Down,2026-11-25 00:00,2026-11-25 05:00,Full Block,Available,300,
BLK-0000473,2026-11-26,COR-01,SEC-01,Up,2026-11-26 00:00,2026-11-26 05:00,Full Block,Available,300,
BLK-0000474,2026-11-26,COR-01,SEC-02,Down,2026-11-26 00:00,2026-11-26 05:00,Power Block,Available,300,
BLK-0000475,2026-11-26,COR-02,SEC-03,Up,2026-11-26 00:00,2026-11-26 05:00,Power Block,Available,300,
BLK-0000476,2026-11-26,COR-02,SEC-04,Down,2026-11-26 00:00,2026-11-26 05:00,Full Block,Available,300,
BLK-0000477,2026-11-26,COR-03,SEC-06,Up,2026-11-26 00:00,2026-11-26 05:00,Full Block,Available,300,
BLK-0000478,2026-11-26,COR-03,SEC-05,Down,2026-11-26 00:00,2026-11-26 05:00,Full Block,Available,300,
BLK-0000479,2026-11-26,COR-04,SEC-07,Up,2026-11-26 00:00,2026-11-26 05:00,Full Block,Available,300,
BLK-0000480,2026-11-26,COR-04,SEC-07,Down,2026-11-26 00:00,2026-11-26 05:00,Power Block,Available,300,
